id,titulo,tipo,finalidade,operacao,bairro,zona,cidade,estado,preco,quartos,suites,banheiros,vaga_garagem,area_m2,condominio,iptu_anual,descricao,tags,perfil_indicado,disponivel,imagem_url
1,Apartamento Elegante com Varanda Gourmet em Moema,apartamento,residencial,venda,Moema,zona_sul,São Paulo,SP,1450000.00,3,2,3,2,115,1350.00,4200.00,"Excelente apartamento em andar alto com vista livre e ótima iluminação natural. Possui ampla varanda gourmet envidraçada integrada à sala de estar e jantar. Condomínio com lazer completo, piscina aquecida, academia equipada e portaria 24 horas. Localização privilegiada em Moema, a poucos minutos do Parque Ibirapuera e da estação de metrô.","varanda_gourmet, metro_proximo, piscina_aquecida, academia, portaria_24h, ibirapuera",residencial_familia,true,https://images.unsplash.com/photo-1545324418-cc1a3fa10c00?w=800
2,Lindo Apartamento Moderno no Itaim Bibi,apartamento,residencial,venda,Itaim Bibi,zona_sul,São Paulo,SP,2850000.00,3,3,4,3,165,2200.00,7800.00,"Apartamento de alto padrão totalmente reformado com acabamento de primeira linha no coração do Itaim Bibi. Living amplo para vários ambientes, suíte master com closet espaçoso e hidromassagem. Edifício exclusivo com gerador total, piscina coberta aquecida e segurança patrimonial privada. Próximo aos melhores restaurantes e centros empresariais da Faria Lima.","alto_padrao, suite_master, piscina_aquecida, gerador, seguranca_24h, faria_lima",alto_padrao,true,https://images.unsplash.com/photo-1545324418-cc1a3fa10c00?w=800
3,Apartamento Aconchegante em Pinheiros Próximo ao Metrô,apartamento,residencial,venda,Pinheiros,zona_oeste,São Paulo,SP,890000.00,2,1,2,1,72,820.00,2400.00,"Apartamento charmoso em rua arborizada e silenciosa de Pinheiros. Planta inteligente com ambientes bem distribuídos, armários embutidos planejados e sacada agradável. Condomínio com salão de festas, academia e bicicletário. Localizado a 400 metros da estação Fradique Coutinho do metrô, com fácil acesso a bares e cafés renomados.","metro_proximo, armarios_planejados, sacada, academia, bicicletario, pet_friendly",jovem_casal,true,https://images.unsplash.com/photo-1545324418-cc1a3fa10c00?w=800
4,Amplo Apartamento Familiar em Perdizes,apartamento,residencial,venda,Perdizes,zona_oeste,São Paulo,SP,1250000.00,3,1,3,2,128,1450.00,4600.00,"Espaçoso apartamento em Perdizes ideal para quem busca conforto e tradição. Sala ampla para três ambientes com piso em madeira nobre e ótima ventilação cruzada. Condomínio com quadra poliesportiva, playground infantil e salão de jogos. Próximo à PUC-SP, Colégio Pentágono e Parque da Água Branca.","espacoso, quadra_poliesportiva, playground, puc_proximo, portaria_24h, pet_friendly",residencial_familia,true,https://images.unsplash.com/photo-1545324418-cc1a3fa10c00?w=800
5,Apartamento Reformado na Consolação com Vista Panorâmica,apartamento,residencial,venda,Consolação,centro,São Paulo,SP,620000.00,2,0,1,1,64,680.00,1600.00,"Apartamento totalmente modernizado em ponto nobre da Consolação. Projeto arquitetônico com marcenaria sob medida, iluminação em LED e janelas amplas com sol da manhã. Prédio tradicional seguro e bem conservado, com portaria 24 horas. Próximo à Avenida Paulista, Shopping Frei Caneca e estação Higienópolis-Mackenzie.","reformado, sol_da_manha, metro_proximo, paulista_proximo, portaria_24h",primeiro_imovel,true,https://images.unsplash.com/photo-1545324418-cc1a3fa10c00?w=800
6,Apartamento Contemporâneo no Brooklin com Varanda Integrada,apartamento,residencial,venda,Brooklin,zona_sul,São Paulo,SP,1100000.00,2,2,3,2,88,1050.00,3100.00,"Lindo apartamento com acabamento refinado e planta flexível no Brooklin Novo. Varanda fechada com vidro retrátil integrada ao living e cozinha americana planejada. Lazer no condomínio inclui piscina raia de 25m, academia moderna, sauna e espaço coworking. Fácil acesso à Avenida Engenheiro Luís Carlos Berrini e Marginal Pinheiros.","varanda_integrada, piscina_raia, academia, coworking, berrini_proximo, ar_condicionado",executivo,true,https://images.unsplash.com/photo-1545324418-cc1a3fa10c00?w=800
7,Apartamento Espaçoso no Tatuapé com Lazer de Clube,apartamento,residencial,venda,Tatuapé,zona_leste,São Paulo,SP,950000.00,3,1,2,2,95,890.00,2800.00,"Excelente oportunidade no Tatuapé em condomínio clube completo para toda a família. Imóvel com sala ampla, sacada com churrasqueira ecológica e dormitórios repletos de armários. Área comum com piscinas adulto e infantil, quadra de tênis, cinema e churrasqueira coletiva. A poucos minutos do Shopping Anália Franco e Parque Ceret.","condominio_clube, churrasqueira, quadra_tenis, piscina, analia_franco, pet_friendly",residencial_familia,true,https://images.unsplash.com/photo-1545324418-cc1a3fa10c00?w=800
8,Apartamento Artístico e Ensolarado na Vila Madalena,apartamento,residencial,venda,Vila Madalena,zona_oeste,São Paulo,SP,1380000.00,2,1,2,1,85,1180.00,3500.00,"Apartamento singular com design contemporâneo no coração da Vila Madalena. Sala de estar com grandes janelas piso-teto, vista livre para a copa das árvores e ótima ventilação. Condomínio sustentável com horta comunitária, painéis solares e rooftop panorâmico. Localizado próximo a galerias de arte, cafés e à estação Vila Madalena do metrô.","vista_livre, rooftop, sustentavel, metro_proximo, design, ensolarado",jovem_casal,true,https://images.unsplash.com/photo-1545324418-cc1a3fa10c00?w=800
9,Apartamento Prático e Confortável na Saúde,apartamento,residencial,venda,Saúde,zona_sul,São Paulo,SP,590000.00,2,1,2,1,60,590.00,1400.00,"Apartamento muito bem conservado a apenas 350 metros do metrô Saúde. Sala integrada com varanda acolhedora, cozinha com armários planejados e área de serviço separada. Edifício com portaria 24 horas, salão de festas, academia e playground. Bairro tranquilo com completa infraestrutura de comércio, feiras livres e colégios.","metro_proximo, armarios_planejados, varanda, salao_de_festas, academia, portaria_24h",primeiro_imovel,true,https://images.unsplash.com/photo-1545324418-cc1a3fa10c00?w=800
10,Apartamento Charme Retrô na Bela Vista,apartamento,residencial,venda,Bela Vista,centro,São Paulo,SP,480000.00,1,0,1,0,48,450.00,950.00,"Charmoso apartamento com pé-direito alto e janelões clássicos na Bela Vista. Ambientes bem iluminados, piso em taco de madeira restaurado e cozinha prática. Prédio tradicional com elevadores reformados e vigilância por câmeras. Próximo ao Teatro Sérgio Cardoso, cantinas do Bixiga e futura estação 14-Bis do metrô.","pe_direito_alto, taco_madeira, bixiga, cultural, metro_futuro",primeiro_imovel,true,https://images.unsplash.com/photo-1545324418-cc1a3fa10c00?w=800
11,Cobertura Duplex Sofisticada em Moema Pássaros,apartamento,residencial,venda,Moema,zona_sul,São Paulo,SP,3400000.00,4,3,5,3,178,2400.00,8500.00,"Exclusiva cobertura duplex com piscina privativa e deck de madeira em Moema Pássaros. Piso superior com espaço gourmet completo, churrasqueira e vista panorâmica espetacular da cidade. Piso inferior com 4 dormitórios sendo 3 suítes, living amplo e copa-cozinha planejada. Condomínio com segurança máxima, gerador e lazer requintado.","cobertura, piscina_privativa, espaco_gourmet, vista_panoramica, alto_padrao, moema_passaros",alto_padrao,true,https://images.unsplash.com/photo-1545324418-cc1a3fa10c00?w=800
12,Apartamento de Luxo com Vista Verde no Itaim Bibi,apartamento,residencial,venda,Itaim Bibi,zona_sul,São Paulo,SP,3100000.00,3,3,4,3,172,2350.00,8100.00,"Apartamento impecável em rua nobre e cobiçada do Itaim Bibi. Ampla varanda integrada ao living envidraçado com vista desimpedida para o Parque do Povo. Condomínio com infraestrutura completa de spa, piscina com raia aquecida, fitness center assinado e concierge. O ápice do conforto, sofisticação e mobilidade na zona sul.","alto_padrao, parque_do_povo, spa, piscina_aquecida, concierge, varanda_gourmet",alto_padrao,true,https://images.unsplash.com/photo-1545324418-cc1a3fa10c00?w=800
13,Apartamento Moderno com Varanda em Pinheiros,apartamento,residencial,venda,Pinheiros,zona_oeste,São Paulo,SP,1150000.00,2,1,2,1,82,960.00,2900.00,"Apartamento moderno em andar intermediário com excelente ventilação em Pinheiros. Living integrado à varanda envidraçada com churrasqueira a carvão e vista aberta para o bairro. Condomínio novo com piscina de borda infinita no terraço, academia completa e salão gourmet. A 300 metros da Praça Benedito Calixto e cercado por ótimos bistrôs.","varanda_com_churrasqueira, borda_infinita, academia, praca_benedito_calixto, pet_friendly",executivo,true,https://images.unsplash.com/photo-1545324418-cc1a3fa10c00?w=800
14,Apartamento Familiar Amplo e Ensolarado em Perdizes,apartamento,residencial,venda,Perdizes,zona_oeste,São Paulo,SP,1480000.00,3,2,3,2,135,1520.00,4900.00,"Amplo apartamento em Perdizes com planta quadrada e excelente aproveitamento de espaço. Sala para dois ambientes confortáveis, varanda agradável e suíte principal com closet e hidromassagem. Condomínio com quadra recreativa, piscina aquecida, sauna e portaria 24 horas. Próximo ao Allianz Parque e Bourbon Shopping.","suite_master, piscina_aquecida, allianz_parque, portaria_24h, closet",residencial_familia,false,https://images.unsplash.com/photo-1545324418-cc1a3fa10c00?w=800
15,Apartamento Estiloso com Vista Aberta na Consolação,apartamento,residencial,venda,Consolação,centro,São Paulo,SP,530000.00,1,1,1,0,52,540.00,1200.00,"Apartamento compacto e funcional em edifício icônico da região da Consolação. Sala com janelões com vista panorâmica para o centro histórico e piso em parquet de madeira. Condomínio com portaria presencial e zeladoria atenta. Localizado próximo à Praça Roosevelt, teatros, bares culturais e metrô República.","vista_livre, praca_roosevelt, metro_proximo, cultural, estilo_vintage",investidor,true,https://images.unsplash.com/photo-1545324418-cc1a3fa10c00?w=800
16,Apartamento Espaçoso no Brooklin com Lazer Completo,apartamento,residencial,venda,Brooklin,zona_sul,São Paulo,SP,1320000.00,3,1,3,2,110,1280.00,3900.00,"Excelente apartamento no Brooklin com ambientes generosos e bem iluminados. Living espaçoso integrado à sacada gourmet e cozinha com armários planejados de alta qualidade. Área de lazer do prédio conta com piscina aquecida, quadra poliesportiva, brinquedoteca e academia. Próximo a supermercados, colégios conceituados e estação de metrô Brooklin.","sacada_gourmet, armarios_planejados, piscina_aquecida, metro_brooklin, brinquedoteca",residencial_familia,true,https://images.unsplash.com/photo-1545324418-cc1a3fa10c00?w=800
17,Apartamento Alto Padrão no Jardim Anália Franco Tatuapé,apartamento,residencial,venda,Tatuapé,zona_leste,São Paulo,SP,2200000.00,4,3,4,3,160,1850.00,6200.00,"Apartamento suntuoso e imponente no miolo nobre do Tatuapé / Jardim Anália Franco. Varanda gourmet gigantesca com churrasqueira tradicional e fechamento em vidro retrátil. Condomínio de luxo com quadra de squash, piscina coberta climatizada e assessoria esportiva inclusa. Vizinho ao Parque Ceret e aos melhores empórios gastronômicos da região.","alto_padrao, varanda_gourmet, squash, piscina_climatizada, analia_franco, seguranca_24h",alto_padrao,true,https://images.unsplash.com/photo-1545324418-cc1a3fa10c00?w=800
18,Apartamento Ensolarado com Varanda na Vila Madalena,apartamento,residencial,venda,Vila Madalena,zona_oeste,São Paulo,SP,1650000.00,3,2,3,2,118,1390.00,4400.00,"Apartamento diferenciado na Vila Madalena com projeto luminotécnico e acabamento primoroso. Varanda espaçosa com vista permanente para o verde e sol da tarde. Edifício moderno com piscina aquecida com deck molhado, sala de ginástica de última geração e espaço pet. Em rua calma e arborizada, perto de tudo o que o bairro oferece de melhor.","vista_para_o_verde, sol_da_tarde, deck_molhado, academia, pet_friendly, acabamento_fino",residencial_familia,true,https://images.unsplash.com/photo-1545324418-cc1a3fa10c00?w=800
19,Apartamento Confortável e Prático no Bairro Saúde,apartamento,residencial,venda,Saúde,zona_sul,São Paulo,SP,720000.00,3,1,2,1,74,710.00,1950.00,"Belo apartamento pronto para morar no bairro da Saúde com excelente incidência de luz solar. Living para dois ambientes integrado à varanda envidraçada e cozinha moderna com armários embutidos. Condomínio com piscina adulto e infantil, churrasqueira, salão de jogos e playground. Localizado a curta caminhada da estação Praça da Árvore do metrô.","metro_proximo, varanda, armarios_embutidos, piscina, churrasqueira, ensolarado",residencial_familia,true,https://images.unsplash.com/photo-1545324418-cc1a3fa10c00?w=800
20,Apartamento Aconchegante Próximo à Paulista na Bela Vista,apartamento,residencial,venda,Bela Vista,centro,São Paulo,SP,510000.00,2,0,1,1,55,530.00,1150.00,"Apartamento aconchegante na Bela Vista com localização estratégica pertinho da Avenida Paulista. Living com sacada arejada, piso laminado recém-instalado e cozinha com área de serviço independente. Prédio com portaria 24 horas, bicicletário e área verde de convivência. Excelente opção para residência própria ou locação para estudantes e profissionais.","paulista_proximo, sacada, metro_proximo, portaria_24h, bicicletario, otimo_investimento",primeiro_imovel,true,https://images.unsplash.com/photo-1545324418-cc1a3fa10c00?w=800
21,Apartamento de Luxo com Vista Ibirapuera em Moema,apartamento,residencial,venda,Moema,zona_sul,São Paulo,SP,2950000.00,4,3,4,3,170,2250.00,7900.00,"Apartamento de altíssimo nível em Moema com vista livre espetacular para o Parque Ibirapuera. Sala com três ambientes, terraço gourmet integrado e suíte máster com hidromassagem e amplo closet. Prédio de arquitetura contemporânea com piscina semiolímpica aquecida, academia com personal e gerador full. A poucos passos das melhores confeitarias e comércio de rua refinado.","vista_ibirapuera, terrazo_gourmet, piscina_semiolimpica, suite_master, gerador_full, alto_padrao",alto_padrao,true,https://images.unsplash.com/photo-1545324418-cc1a3fa10c00?w=800
22,Apartamento Elegante com Amplo Living no Itaim Bibi,apartamento,residencial,venda,Itaim Bibi,zona_sul,São Paulo,SP,2150000.00,3,2,3,2,130,1750.00,5600.00,"Apartamento elegante e sofisticado no Itaim Bibi com reforma arquitetônica recente de revista. Ambientes amplos, ar-condicionado dutado em todas as salas e quartos e automação residencial instalada. Edifício com portaria blindada, academia moderna, jardim suspenso e piscina com deck. Proximidade imediata do Shopping Iguatemi, Parque do Povo e restaurantes estrelados.","reforma_recente, automacao, ar_condicionado, iguatemi_proximo, piscina, portaria_blindada",alto_padrao,true,https://images.unsplash.com/photo-1545324418-cc1a3fa10c00?w=800
23,Apartamento Moderno e Aconchegante em Pinheiros,apartamento,residencial,venda,Pinheiros,zona_oeste,São Paulo,SP,980000.00,2,1,2,1,76,880.00,2600.00,"Apartamento em localização privilegiada no bairro de Pinheiros com excelente iluminação natural. Living integrado à cozinha americana moderna com bancada em ilha de quartzo branco e varanda com vista aberta. Condomínio dispõe de piscina na cobertura com vista 360 graus, academia equipada e salão gourmet. Apenas 5 minutos caminhando da estação Faria Lima do metrô.","cozinha_americana, varanda, cobertura_com_piscina, metro_faria_lima, academia",jovem_casal,true,https://images.unsplash.com/photo-1545324418-cc1a3fa10c00?w=800
24,Apartamento Clássico e Espaçoso em Perdizes Nobre,apartamento,residencial,venda,Perdizes,zona_oeste,São Paulo,SP,1080000.00,3,1,3,2,112,1220.00,3600.00,"Apartamento muito bem distribuído em rua tranquila e arborizada no miolo de Perdizes. Living amplo para dois ambientes com lareira ecológica e varanda com sol da manhã. Condomínio com salão de festas decorado, academia, playground e portaria 24 horas. Localizado próximo ao Teatro TUCA, PUC e renomadas padarias artesanais.","lareira, sol_da_manha, varanda, portaria_24h, tuca_proximo, residencial_tranquilo",residencial_familia,true,https://images.unsplash.com/photo-1545324418-cc1a3fa10c00?w=800
25,Apartamento Reformado com Suíte na Consolação,apartamento,residencial,venda,Consolação,centro,São Paulo,SP,750000.00,2,1,2,1,68,720.00,1850.00,"Apartamento totalmente renovado na Consolação com infraestrutura elétrica e hidráulica nova. Cozinha planejada integrada à sala em conceito aberto com acabamentos em cimento queimado e madeira. Condomínio seguro com monitoramento por câmeras, portaria virtual moderna e zelador. A poucos passos da Rua Augusta, estação Higienópolis e centros culturais.","conceito_aberto, reformado, augusta_proximo, metro_proximo, cimento_queimado",jovem_casal,true,https://images.unsplash.com/photo-1545324418-cc1a3fa10c00?w=800
26,Apartamento Moderno Próximo à Berrini no Brooklin,apartamento,residencial,venda,Brooklin,zona_sul,São Paulo,SP,870000.00,2,1,2,1,69,790.00,2300.00,"Excelente apartamento ideal para quem trabalha nos polos corporativos da zona sul paulistana. Living moderno integrado à varanda com churrasqueira ecológica e armários planejados em todos os cômodos. Condomínio completo com piscina aquecida, academia com personal virtual e salão de jogos. Próximo ao Shopping Morumbi, Market Place e estação Brooklin.","varanda_com_churrasqueira, berrini_proximo, shopping_morumbi, piscina_aquecida, armarios_planejados",executivo,true,https://images.unsplash.com/photo-1545324418-cc1a3fa10c00?w=800
27,Apartamento Garden Acolhedor no Tatuapé,apartamento,residencial,venda,Tatuapé,zona_leste,São Paulo,SP,830000.00,2,1,2,2,90,840.00,2400.00,"Apartamento garden com quintal privativo gramado exclusivo para momentos de lazer e pets. Espaço gourmet externo com churrasqueira a carvão e pergolado charmoso. Condomínio moderno com piscina semiolímpica, academia completa e salão de festas gourmet. Localizado a poucos minutos do Metrô Carrão e Shopping Metrô Tatuapé.","garden, quintal_privativo, churrasqueira, pet_friendly, metro_carrao, lazer_completo",residencial_familia,true,https://images.unsplash.com/photo-1545324418-cc1a3fa10c00?w=800
28,Apartamento Iluminado com Varanda Verde na Vila Madalena,apartamento,residencial,venda,Vila Madalena,zona_oeste,São Paulo,SP,1290000.00,2,1,2,1,80,990.00,3100.00,"Apartamento com charme único e varanda com vista aberta para copas das árvores na Vila Madalena. Sala integrada com cozinha gourmet equipada com cooktop e coifa de inox em ilha central. Prédio com piscina com vista panorâmica, espaço coworking iluminado e academia de musculação. Localizado em rua sem saída muito silenciosa e segura.","rua_silenciosa, cozinha_em_ilha, vista_panoramica, coworking, piscina, vila_madalena",jovem_casal,true,https://images.unsplash.com/photo-1545324418-cc1a3fa10c00?w=800
29,Apartamento Espaçoso e Arejado na Saúde,apartamento,residencial,venda,Saúde,zona_sul,São Paulo,SP,670000.00,2,1,2,1,66,660.00,1700.00,"Apartamento ensolarado com excelente ventilação em rua tranquila no bairro da Saúde. Sala espaçosa para dois ambientes com piso porcelanato e varanda com sol matutino. Condomínio com piscina adulto, academia equipada, brinquedoteca e portaria 24 horas. Localizado a apenas 500 metros da estação São Judas do metrô.","sol_da_manha, metro_sao_judas, porcelanato, piscina, academia, portaria_24h",primeiro_imovel,true,https://images.unsplash.com/photo-1545324418-cc1a3fa10c00?w=800
30,Apartamento em Andar Alto com Vista Paulista na Bela Vista,apartamento,residencial,venda,Bela Vista,centro,São Paulo,SP,610000.00,2,0,1,1,62,620.00,1500.00,"Apartamento em andar alto com vista panorâmica para a região central e Avenida Paulista. Sala arejada com ótima claridade natural, dormitórios confortáveis com armários planejados e piso em taco restaurado. Condomínio com academia funcional, salão de festas e portaria 24 horas. Localizado próximo aos hospitais Sírio-Libanês e Beneficência Portuguesa.","andar_alto, vista_paulista, sirio_libanes, armarios_planejados, academia, portaria_24h",executivo,true,https://images.unsplash.com/photo-1545324418-cc1a3fa10c00?w=800
31,Studio Compacto e Inteligente em Moema,studio,residencial,venda,Moema,zona_sul,São Paulo,SP,420000.00,0,0,1,0,27,410.00,980.00,"Studio inteligente com móveis planejados multifuncionais e excelente aproveitamento de espaço em Moema. Varanda envidraçada integrada ao ambiente principal e cozinha compacta totalmente equipada. Condomínio completo com lavanderia coletiva OMO, piscina no rooftop, coworking e academia com vista panorâmica. A poucos passos da estação Moema da Linha Lilás do metrô.","studio_inteligente, metro_moema, lavanderia_coletiva, rooftop_piscina, coworking, mobiliado",investidor,true,https://images.unsplash.com/photo-1545324418-cc1a3fa10c00?w=800
32,Studio Moderno de Alto Padrão no Itaim Bibi,studio,residencial,venda,Itaim Bibi,zona_sul,São Paulo,SP,580000.00,1,1,1,1,38,580.00,1450.00,"Studio de design sofisticado com quarto semissubdividido no miolo comercial do Itaim Bibi. Acabamento refinado com bancada em granito negro, piso em porcelanato acetinado e ar-condicionado instalado. Empreendimento contemporâneo com concierge, piscina com raia aquecida, academia de ponta e lounge na cobertura. Perfeito para investidores focados em locações de curta temporada ou moradia executiva.","design_sofisticado, concierge, piscina_aquecida, ar_condicionado, itaim_bibi, rentabilidade_alta",executivo,true,https://images.unsplash.com/photo-1545324418-cc1a3fa10c00?w=800
33,Studio Descolado ao Lado do Metrô em Pinheiros,studio,residencial,venda,Pinheiros,zona_oeste,São Paulo,SP,460000.00,0,0,1,0,29,430.00,1050.00,"Studio moderno e funcional localizado a menos de 200 metros da estação Fradique Coutinho do metrô. Janelas antirruído, varanda aconchegante e marcenaria inteligente integrada. O condomínio dispõe de academia completa, lavanderia compartilhada, salão de jogos e rooftop com vista livre para Pinheiros. Ideal para jovens que desejam viver a vibrante gastronomia do bairro.","metro_proximo, janela_antirruido, marcenaria_inteligente, rooftop, lavanderia_coletiva, pet_friendly",primeiro_imovel,true,https://images.unsplash.com/photo-1545324418-cc1a3fa10c00?w=800
34,Studio Pronto para Morar em Perdizes,studio,residencial,venda,Perdizes,zona_oeste,São Paulo,SP,390000.00,1,0,1,0,32,390.00,920.00,"Studio bem distribuído em Perdizes com dormitório reservado e ótima iluminação natural. Cozinha integrada com bancada para refeições e sacada agradável com vista aberta. Condomínio moderno com piscina, academia, espaço gourmet e bicicletário. Excelente localização próximo à PUC-SP e com fácil acesso a transportes públicos.","puc_proximo, sacada, piscina, academia, bicicletario, otimo_para_estudantes",investidor,true,https://images.unsplash.com/photo-1545324418-cc1a3fa10c00?w=800
35,Studio Design na Consolação Próximo ao Metrô Mackenzie,studio,residencial,venda,Consolação,centro,São Paulo,SP,330000.00,0,0,1,0,25,360.00,820.00,"Studio projetado para maximizar cada metro quadrado no coração universitário da Consolação. Marcenaria completa sob medida com cama retrátil e bancada para home office. Condomínio oferece coworking estruturado, lavanderia compartilhada, minimercado interno e lounge social. A apenas 3 minutos a pé da estação Higienópolis-Mackenzie do metrô.","cama_retratil, home_office, mackenzie_proximo, coworking, minimercado, lavanderia",investidor,false,https://images.unsplash.com/photo-1545324418-cc1a3fa10c00?w=800
36,Studio Executivo Moderno no Brooklin,studio,residencial,venda,Brooklin,zona_sul,São Paulo,SP,490000.00,1,1,1,1,36,510.00,1250.00,"Studio executivo com 1 suíte e vaga de garagem coberta em localização privilegiada no Brooklin. Living e quarto com acabamento em piso vinílico, ar-condicionado e varanda com fechamento em vidro. Condomínio com estrutura completa incluindo piscina com deck, sauna seca, academia e espaço pet. Ideal para profissionais do eixo empresarial da Berrini e Chucri Zaidan.","vaga_coberta, suite, berrini_proximo, ar_condicionado, piscina, sauna, pet_friendly",executivo,true,https://images.unsplash.com/photo-1545324418-cc1a3fa10c00?w=800
37,Studio Contemporâneo ao Lado do Metrô no Tatuapé,studio,residencial,venda,Tatuapé,zona_leste,São Paulo,SP,290000.00,0,0,1,0,24,350.00,800.00,"Studio econômico e moderno no Tatuapé, perfeito para primeira moradia ou renda passiva com locação. Projeto integrado com cozinha americana, sacada arejada e banheiro com ventilação natural. Condomínio novo com salão de festas, academia equipada, lavanderia coletiva e portaria inteligente. Localizado a poucos passos da estação Tatuapé do metrô e trem.","metro_tatuapé, baixo_custo, lavanderia_coletiva, academia, portaria_inteligente",primeiro_imovel,true,https://images.unsplash.com/photo-1545324418-cc1a3fa10c00?w=800
38,Studio Criativo com Varanda na Vila Madalena,studio,residencial,venda,Vila Madalena,zona_oeste,São Paulo,SP,520000.00,1,0,1,1,35,540.00,1300.00,"Studio descolado em rua emblemática da Vila Madalena com projeto arquitetônico moderno e funcional. Sala integrada com quarto, sacada charmosa voltada para árvores e cozinha equipada. Condomínio com rooftop incrível com churrasqueira e piscina com vista do pôr do sol. Próximo ao Beco do Batman e às estações de metrô e ciclovias da região.","beco_do_batman, rooftop_com_piscina, varanda, ciclovia_proxima, sol_da_tarde",jovem_casal,true,https://images.unsplash.com/photo-1545324418-cc1a3fa10c00?w=800
39,Studio Compacto e Rentável na Saúde,studio,residencial,venda,Saúde,zona_sul,São Paulo,SP,275000.00,0,0,1,0,23,350.00,800.00,"Studio extremamente funcional e aconchegante a apenas 250 metros da estação Saúde do metrô. Ambiente bem iluminado com sacada privativa e marcenaria sob medida inteligente. Prédio moderno com portaria 24 horas, academia moderna, lavanderia coletiva e terraço com área de churrasco. Alta demanda para locação tradicional ou plataformas digitais.","metro_saude, rentabilidade, lavanderia_coletiva, academia, sacada, portaria_24h",investidor,true,https://images.unsplash.com/photo-1545324418-cc1a3fa10c00?w=800
40,Studio Charmoso no Miolo Cultural da Bela Vista,studio,residencial,venda,Bela Vista,centro,São Paulo,SP,250000.00,0,0,1,0,22,350.00,800.00,"Studio acolhedor e super prático em região com farta oferta gastronômica e cultural na Bela Vista. Espaço otimizado com armários planejados, bancada de estudos e cozinha integrada com cooktop por indução. Condomínio com bicicletário, coworking compartilhado e terraço social com churrasqueira. Fácil acesso à Avenida Brigadeiro Luís Antônio e estação São Joaquim.","baixo_custo, cooktop_inducao, coworking, bicicletario, sao_joaquim_proximo",primeiro_imovel,true,https://images.unsplash.com/photo-1545324418-cc1a3fa10c00?w=800
41,Studio Amplo e Sofisticado em Moema Índios,studio,residencial,venda,Moema,zona_sul,São Paulo,SP,550000.00,1,1,1,1,42,570.00,1400.00,"Studio com metragem generosa em Moema Índios, decorado com elegância e requinte. Suíte separada por porta de correr espelhada, varanda envidraçada e ar-condicionado instalado. Condomínio de alto padrão com piscina aquecida na cobertura, academia Life Fitness e serviço de mensageiro. A apenas 5 minutos de caminhada do Parque das Bicicletas e Shopping Ibirapuera.","moema_indios, suite_separada, piscina_aquecida, ar_condicionado, shopping_ibirapuera",executivo,true,https://images.unsplash.com/photo-1545324418-cc1a3fa10c00?w=800
42,Studio Oportunidade na Consolação Próximo à Paulista,studio,residencial,venda,Consolação,centro,São Paulo,SP,310000.00,0,0,1,0,26,370.00,850.00,"Studio estratégico a apenas duas quadras da Avenida Paulista e estação Paulista do metrô. Sala/quarto bem ventilado com sacada envidraçada e armários embutidos de primeira qualidade. Condomínio seguro com portaria 24 horas, lavanderia compartilhada, fitness center e espaço pet. Excelente liquidez para investimento ou para quem quer morar perto do trabalho e faculdades.","paulista_proximo, metro_paulista, alta_liquidez, lavanderia_coletiva, fitness_center",investidor,true,https://images.unsplash.com/photo-1545324418-cc1a3fa10c00?w=800
43,Flat com Serviços Exclusivos em Moema Pássaros,flat,residencial,venda,Moema,zona_sul,São Paulo,SP,620000.00,1,1,1,1,45,1250.00,2800.00,"Flat impecável com serviços hoteleiros inclusos no condomínio no desejado bairro de Moema Pássaros. Suíte master espaçosa com closet, sala de estar com sacada agradável e minicozinha funcional. Empreendimento com arrumação diária, piscina aquecida com raia, academia com instrutor e restaurante no lobby. Localização privilegiada com fácil acesso ao Aeroporto de Congonhas e Parque Ibirapuera.","servico_hoteleiro, arrumacao_diaria, piscina_aquecida, moema_passaros, aeroporto_congonhas",executivo,true,https://images.unsplash.com/photo-1545324418-cc1a3fa10c00?w=800
44,Flat Luxuoso no Coração do Itaim Bibi,flat,residencial,venda,Itaim Bibi,zona_sul,São Paulo,SP,890000.00,1,1,2,1,58,1680.00,3900.00,"Flat de altíssimo padrão decorado por renomado designer de interiores no polo corporativo do Itaim Bibi. Living amplo com dois ambientes, varanda com vista aberta da cidade, lavabo e suíte confortável. Condomínio com recepção bilíngue 24 horas, manobrista, sauna úmida, piscina coberta aquecida e serviço de quarto. Próximo aos edifícios corporativos da Faria Lima e aos restaurantes mais premiados da capital.","alto_padrao, recepcao_bilingue, manobrista, piscina_aquecida, faria_lima, servico_de_quarto",executivo,true,https://images.unsplash.com/photo-1545324418-cc1a3fa10c00?w=800
45,Flat Moderno com Piscina e Academia em Pinheiros,flat,residencial,venda,Pinheiros,zona_oeste,São Paulo,SP,580000.00,1,1,1,1,44,1100.00,2400.00,"Flat moderno com gestão hoteleira profissional situado na melhor localização de Pinheiros. Unidade totalmente mobiliada com suíte climatizada, sala com sacada ensolarada e copa americana planejada. Infraestrutura completa com piscina, sauna, sala de reuniões executiva, academia e portaria 24 horas. Localizado a poucos passos da Rua Oscar Freire e da estação de metrô Clínicas.","mobiliado, gestao_hoteleira, sala_de_reunioes, oscar_freire, metro_clinicas, piscina",investidor,true,https://images.unsplash.com/photo-1545324418-cc1a3fa10c00?w=800
46,Flat Funcional e Elegante no Eixo Berrini Brooklin,flat,residencial,venda,Brooklin,zona_sul,São Paulo,SP,540000.00,1,1,1,1,42,980.00,2200.00,"Flat executivo no Brooklin ideal para investimento ou moradia ágil no centro financeiro de São Paulo. Unidade com varanda envidraçada, dormitório privativo com ar-condicionado e copa com armários sob medida. Condomínio disponibiliza serviço de camareira diário, manobrista, piscina climatizada, academia e restaurante internacional. A minutos a pé da Avenida Engenheiro Luís Carlos Berrini e estação Berrini da CPTM.","berrini_proximo, servico_camareira, manobrista, ar_condicionado, piscina_climatizada",executivo,true,https://images.unsplash.com/photo-1545324418-cc1a3fa10c00?w=800
47,Flat Confortável Próximo à Paulista na Bela Vista,flat,residencial,venda,Bela Vista,centro,São Paulo,SP,370000.00,1,0,1,1,34,780.00,1400.00,"Flat acolhedor com excelente rentabilidade em ponto nobre da Bela Vista próximo à Avenida Paulista. Sala arejada com sacada, quarto com armários embutidos de qualidade e minicozinha com bancada de granito. Edifício com portaria 24 horas, serviço de limpeza semanal opcional, piscina no terraço e academia. Próximo ao MASP, shoppings e hospitais de referência.","paulista_proximo, masp_proximo, piscina_terraço, servico_limpeza, otimo_investimento",investidor,true,https://images.unsplash.com/photo-1545324418-cc1a3fa10c00?w=800
48,Flat Executivo de Luxo em Perdizes,flat,residencial,venda,Perdizes,zona_oeste,São Paulo,SP,490000.00,1,1,1,1,40,920.00,1900.00,"Flat moderno e silencioso em Perdizes com serviços de conveniência de hotel. Sala aconchegante com piso laminado, varanda com vista aberta e suíte equipada com cama queen e ar-condicionado split. Edifício com piscina aquecida, sauna, academia completa e auditório para eventos corporativos. Localizado próximo ao Allianz Parque e com fácil acesso às marginais.","silencioso, piscina_aquecida, sauna, auditorio, allianz_parque, ar_condicionado",executivo,true,https://images.unsplash.com/photo-1545324418-cc1a3fa10c00?w=800
49,Flat Charme e Conforto na Vila Madalena,flat,residencial,venda,Vila Madalena,zona_oeste,São Paulo,SP,590000.00,1,1,1,1,46,1080.00,2300.00,"Flat requintado em edifício contemporâneo com proposta boutique na Vila Madalena. Suíte espaçosa com varanda privativa voltada para área verde, sala integrada e acabamentos nobres. Condomínio com café no térreo, piscina com deck solarium, espaço coworking e recepção com atendimento 24 horas. Excelente para viajantes frequentes e profissionais criativos.","boutique, varanda_verde, piscina_solarium, coworking, cafe_no_predio, vila_madalena",jovem_casal,true,https://images.unsplash.com/photo-1545324418-cc1a3fa10c00?w=800
50,Flat Prático com Rentabilidade no Tatuapé,flat,residencial,venda,Tatuapé,zona_leste,São Paulo,SP,350000.00,1,1,1,1,33,690.00,1200.00,"Flat funcional com excelente histórico de taxa de ocupação no coração comercial do Tatuapé. Quarto suíte com armários planejados, sacada ensolarada e copa equipada com frigobar e micro-ondas. Condomínio com recepção e segurança 24 horas, manobrista, piscina e academia. Vizinho ao Shopping Boulevard Tatuapé e com acesso imediato à estação de metrô.","tatuape, shopping_boulevard, manobrista, piscina, metro_proximo, rentabilidade_garantida",investidor,true,https://images.unsplash.com/photo-1545324418-cc1a3fa10c00?w=800
51,Cobertura Duplex no Campo Belo,cobertura,residencial,venda,Campo Belo,zona_sul,São Paulo,SP,3450000.00,4,3,5,3,280,2600.00,8500.00,"Magnífica cobertura duplex com vista panorâmica espetacular da cidade. Dispõe de terraço ensolarado com piscina privativa, deck de madeira e espaço gourmet completo com churrasqueira a carvão. Living amplo integrado para três ambientes com pé direito duplo e lavabo. A ala íntima conta com quatro dormitórios sendo três suítes confortáveis com armários planejados. Condomínio com lazer completo e segurança 24h.","cobertura_duplex, piscina_privativa, churrasqueira, espaco_gourmet, vista_panoramica, suite_master, seguranca_24h",alto_padrao,true,https://images.unsplash.com/photo-1600596542815-ffad4c1539a9?w=800
52,Cobertura Triplex em Alto de Pinheiros,cobertura,residencial,venda,Alto de Pinheiros,zona_oeste,São Paulo,SP,8900000.00,5,4,6,5,460,4200.00,18500.00,"Cobertura triplex exclusiva em rua arborizada no coração de Alto de Pinheiros. Possui elevador privativo atendendo a todos os níveis e terraço com piscina aquecida e sauna. Área social imponente com lareira ecológica, piso em mármore travertino e ampla varanda. Quatro suítes espaçosas com closet, destacando-se a suíte master com hidromassagem e vista para a copa das árvores. Guarita blindada e controle rigoroso de acesso.","cobertura_triplex, elevador_privativo, piscina_aquecida, sauna, lareira, suite_master, vista_livre, alto_padrao",alto_padrao,true,https://images.unsplash.com/photo-1600596542815-ffad4c1539a9?w=800
53,Cobertura Linear no Jardim Paulista,cobertura,residencial,venda,Jardim Paulista,zona_sul,São Paulo,SP,12500000.00,4,4,6,4,510,4800.00,24000.00,"Excepcional cobertura linear a poucos passos da Avenida Paulista e Parque Ibirapuera. Planta circular com ambientes fluidos e iluminação natural abundante durante todo o dia. Área externa privativa com solarium, hidromassagem para oito pessoas e churrasqueira gourmet. Quatro amplas suítes com marcenaria de altíssimo padrão e ar-condicionado central em todos os cômodos. Edifício de prestígio com infraestrutura completa de lazer.","cobertura_linear, solarium, hidromassagem, churrasqueira, ar_condicionado, parque_ibirapuera, seguranca_24h",alto_padrao,true,https://images.unsplash.com/photo-1600596542815-ffad4c1539a9?w=800
54,Cobertura Duplex em Santana,cobertura,residencial,venda,Santana,zona_norte,São Paulo,SP,1950000.00,3,2,4,3,195,1650.00,4800.00,"Charmosa cobertura duplex localizada no melhor ponto de Santana com vista livre para a Serra da Cantareira. O piso superior abriga um espaçoso salão gourmet com churrasqueira e jacuzzi privativa ao ar livre. Sala para dois ambientes com acabamento em porcelanato e sanca de gesso iluminada. Três dormitórios sendo duas suítes com armários embutidos de primeira qualidade. Prédio moderno com piscina, academia e salão de festas.","cobertura_duplex, jacuzzi, churrasqueira, espaco_gourmet, vista_serra, armarios_embutidos, lazer_completo",residencial_familia,true,https://images.unsplash.com/photo-1600596542815-ffad4c1539a9?w=800
55,Cobertura Penthouse na Pompeia,cobertura,residencial,venda,Pompeia,zona_oeste,São Paulo,SP,2750000.00,3,3,4,3,220,2100.00,6200.00,"Sofisticada cobertura penthouse totalmente reformada próxima ao Allianz Parque e Bourbon Shopping. Terraço amplo com churrasqueira gourmet, fechamento em vidro retrátil e vista espetacular do pôr do sol. Living integrado à cozinha americana planejada com ilha em granito negro. Três confortáveis suítes com pisos de madeira nobre e persianas automatizadas. Condomínio novo com lazer completo e gerador full.","cobertura_penthouse, terraço_gourmet, churrasqueira, vista_panoramica, suite, condominio_clube, gerador",residencial_familia,true,https://images.unsplash.com/photo-1600596542815-ffad4c1539a9?w=800
56,Cobertura Duplex no Anália Franco,cobertura,residencial,venda,Anália Franco,zona_leste,São Paulo,SP,4200000.00,4,4,5,4,320,3100.00,9800.00,"Cobertura duplex de alto luxo em frente ao Parque CERET no Tatuapé e Jardim Anália Franco. Piso superior com deck molhado, piscina aquecida privativa e espaço lounge com forno de pizza e churrasqueira. Amplo living com pé direito duplo, adega climatizada e lareira a gás. Quatro suítes imponentes, todas com varanda privativa e closet na suíte master. Edifício com segurança patrimonial armada e área de lazer padrão resort.","cobertura_duplex, piscina_aquecida, deck_molhado, churrasqueira, forno_pizza, adega, suite_master, alto_padrao",alto_padrao,true,https://images.unsplash.com/photo-1600596542815-ffad4c1539a9?w=800
57,Cobertura Duplex na Vila Mariana,cobertura,residencial,venda,Vila Mariana,zona_sul,São Paulo,SP,2900000.00,3,2,4,3,215,2250.00,6900.00,"Excelente cobertura duplex a apenas 600 metros da estação de metrô Vila Mariana. Área externa generosa com hidromassagem aquecida, churrasqueira privativa e vista aberta de 180 graus. Sala de estar e jantar integradas com piso laminado novo e projeto luminotécnico diferenciado. Possui três dormitórios sendo duas suítes repletas de armários sob medida. Condomínio familiar com portaria 24h, piscina adulto e infantil.","cobertura_duplex, hidro, churrasqueira, vista_aberta, perto_metro, armarios_planejados, seguranca_24h",residencial_familia,true,https://images.unsplash.com/photo-1600596542815-ffad4c1539a9?w=800
58,Cobertura Duplex no Morumbi,cobertura,residencial,venda,Morumbi,zona_sul,São Paulo,SP,2400000.00,4,3,5,4,310,2500.00,7200.00,"Espaçosa cobertura duplex situada em rua tranquila e arborizada no Morumbi Nobre. Área externa com piscina privativa, quiosque com churrasqueira e linda vista verde. Três amplas salas de convivência com lareira a lenha e lavabo social. Quatro dormitórios com excelente ventilação natural sendo três suítes confortáveis. Condomínio seguro com quadra de tênis, academia moderna e bosque privativo.","cobertura_duplex, piscina_privativa, churrasqueira, lareira, quadra_tenis, morumbi_nobre, seguranca_24h",residencial_familia,true,https://images.unsplash.com/photo-1600596542815-ffad4c1539a9?w=800
59,Cobertura Duplex no Butantã,cobertura,residencial,venda,Butantã,zona_oeste,São Paulo,SP,1850000.00,3,2,3,2,165,1450.00,4200.00,"Moderna cobertura duplex próxima à Cidade Universitária USP e com fácil acesso à Marginal Pinheiros. Terraço gourmet equipado com churrasqueira e espaço de convivência aconchegante para reunir amigos. Living em conceito aberto com pé direito duplo e muita luminosidade natural. Três dormitórios sendo duas suítes com fino acabamento. Condomínio completo com piscina, coworking, pet place e portaria 24 horas.","cobertura_duplex, terraco_gourmet, churrasqueira, pe_direito_duplo, proximo_usp, coworking, lazer_completo",jovem_casal,true,https://images.unsplash.com/photo-1600596542815-ffad4c1539a9?w=800
60,Cobertura Duplex no Jardim São Paulo,cobertura,residencial,venda,Jardim São Paulo,zona_norte,São Paulo,SP,2150000.00,3,2,4,3,185,1750.00,5100.00,"Oportunidade única de cobertura duplex a passos do Parque Domingos Luís no Jardim São Paulo. Pavimento superior com churrasqueira a carvão, espaço para piscina ou ofurô e linda vista da Serra. Sala ampla para dois ambientes com varanda e piso em taco de madeira restaurado. Três dormitórios sendo duas suítes com armários embutidos. Prédio com salão de festas, academia e segurança monitorada.","cobertura_duplex, churrasqueira, vista_panoramica, perto_metro, parque_domingos_luis, seguranca_24h",residencial_familia,false,https://images.unsplash.com/photo-1600596542815-ffad4c1539a9?w=800
61,Cobertura Majestosa no Morumbi,cobertura,residencial,venda,Morumbi,zona_sul,São Paulo,SP,15800000.00,5,5,7,6,550,4700.00,27500.00,"Deslumbrante cobertura triplex com vista 360 graus para o skyline da Marginal Pinheiros e Ponte Estaiada. Área de lazer privativa no último piso com piscina de borda infinita aquecida, sauna seca e espaço gourmet. Salas monumentais com pé direito duplo, adega para mil garrafas e automação residencial completa. Cinco suítes master completas com closet individual e banheiros revestidos em mármore importado. Edifício icônico com segurança armada máxima e heliponto homologado.","cobertura_triplex, borda_infinita, piscina_aquecida, sauna, adega_climatizada, automacao, heliponto, alto_padrao",alto_padrao,true,https://images.unsplash.com/photo-1600596542815-ffad4c1539a9?w=800
62,Cobertura Duplex em Campo Belo,cobertura,residencial,venda,Campo Belo,zona_sul,São Paulo,SP,3850000.00,4,3,5,4,295,2800.00,8900.00,"Cobertura impecável em uma das ruas mais arborizadas e cobiçadas do Campo Belo. Terraço ensolarado com piscina privativa iluminada por LED e espaço gourmet com churrasqueira e cooktop. Ambientes sociais espaçosos com lareira a gás, sala de almoço separada e home theater. Dispõe de quatro dormitórios sendo três suítes com closet e hidromassagem dupla na master. Condomínio moderno com piscina coberta aquecida, quadra poliesportiva e academia.","cobertura_duplex, piscina_privativa, churrasqueira, home_theater, lareira, suite_master, campo_belo, alto_padrao",alto_padrao,true,https://images.unsplash.com/photo-1600596542815-ffad4c1539a9?w=800
63,Cobertura Penthouse no Jardim Paulista,cobertura,residencial,venda,Jardim Paulista,zona_sul,São Paulo,SP,7800000.00,4,3,5,4,380,3900.00,17000.00,"Elegante cobertura penthouse no quadrilátero nobre dos Jardins. Amplo deck com piscina aquecida, solarium e lounge gourmet com chopeira embutida e churrasqueira. Living amplo para vários ambientes com janelões do chão ao teto e acabamentos em madeira nobre. Quatro dormitórios sendo três suítes com ar-condicionado central e marcenaria exclusiva Ornare. Condomínio tradicional de alto padrão com segurança 24h e manobrista.","cobertura_penthouse, piscina_aquecida, churrasqueira, marcenaria_ornare, ar_condicionado, jardins, alto_padrao",alto_padrao,true,https://images.unsplash.com/photo-1600596542815-ffad4c1539a9?w=800
64,Cobertura Duplex em Alto de Pinheiros,cobertura,residencial,venda,Alto de Pinheiros,zona_oeste,São Paulo,SP,6500000.00,4,4,5,4,350,3600.00,14500.00,"Espetacular cobertura duplex vizinha ao Parque Villa-Lobos com vista deslumbrante para a vegetação nativa. Solarium no piso superior com piscina privativa, pergolado e churrasqueira a carvão perfeita para receber. Sala principal com lareira ecológica, pé direito duplo e integração à sala de jantar formal. Quatro suítes luxuosas com venezianas automatizadas e acabamentos refinados. Edifício de arquitetura contemporânea com infraestrutura completa e guarita blindada.","cobertura_duplex, piscina_privativa, solarium, churrasqueira, parque_villa_lobos, lareira, seguranca_24h",alto_padrao,true,https://images.unsplash.com/photo-1600596542815-ffad4c1539a9?w=800
65,Cobertura Duplex na Pompeia,cobertura,residencial,venda,Pompeia,zona_oeste,São Paulo,SP,2100000.00,3,2,3,2,170,1800.00,5300.00,"Excelente cobertura duplex em localização privilegiada na Pompeia perto de padarias artesanais e colégios renomados. Terraço privativo descoberto com churrasqueira gourmet e banheira de hidromassagem externa para relaxar. Living para dois ambientes em conceito aberto com piso em porcelanato polido e iluminação em LED. Três dormitórios sendo duas suítes funcionais com armários planejados e janelas antirruído. Condomínio com piscina climatizada, salão de jogos e brinquedoteca.","cobertura_duplex, hidromassagem_externa, churrasqueira, janelas_antirruido, porcelanato, pompeia, lazer_completo",residencial_familia,true,https://images.unsplash.com/photo-1600596542815-ffad4c1539a9?w=800
66,Casa Térrea Espaçosa no Butantã,casa,residencial,venda,Butantã,zona_oeste,São Paulo,SP,1350000.00,3,2,3,3,210,0.00,3400.00,"Bela casa térrea em rua tranquila e segura no Butantã, próxima à estação do metrô. Amplo quintal gramado com árvores frutíferas e espaço gourmet coberto com churrasqueira e forno a lenha. Sala de estar com lareira aconchegante, sala de jantar e copa-cozinha equipada com armários embutidos. Três dormitórios arejados sendo duas suítes com banheiros reformados. Garagem coberta para três carros com portão eletrônico.","casa_terrea, quintal_gramado, churrasqueira, forno_lenha, lareira, perto_metro, portao_eletronico",residencial_familia,true,https://images.unsplash.com/photo-1600596542815-ffad4c1539a9?w=800
67,Casa Térrea Reformada em Santana,casa,residencial,venda,Santana,zona_norte,São Paulo,SP,1150000.00,3,1,3,2,175,0.00,2900.00,"Excelente casa térrea totalmente reformada em rua residencial pacata no alto de Santana. Quintal aconchegante com churrasqueira a carvão e área de convivência externa para reunir a família. Living integrado com piso em porcelanato de grande formato e cozinha em ilha moderna. Possui três dormitórios amplos sendo uma suíte com closet planejado. Imóvel com sistema de alarme instalado, cerca elétrica e duas vagas.","casa_terrea, quintal, churrasqueira, cozinha_ilha, porcelanato, closet, cerca_eletrica, santana",residencial_familia,true,https://images.unsplash.com/photo-1600596542815-ffad4c1539a9?w=800
68,Mansão Clássica no Morumbi,casa,residencial,venda,Morumbi,zona_sul,São Paulo,SP,4500000.00,5,4,6,6,450,0.00,16500.00,"Magnífica residência em estilo neoclássico situada no Morumbi Nobre em terreno de mil metros quadrados. Quintal exuberante com piscina privativa, quiosque gourmet com churrasqueira e lindo paisagismo tropical. Salas suntuosas com pé direito elevado, lareira em mármore e acabamentos em madeira de lei. Cinco dormitórios sendo quatro suítes com closet e banheira de imersão na suíte master. Casa conta com guarita de segurança, dependência de empregada e seis vagas.","mansao, piscina_privativa, quiosque_gourmet, churrasqueira, lareira, jardim_tropical, morumbi_nobre, alto_padrao",alto_padrao,true,https://images.unsplash.com/photo-1600596542815-ffad4c1539a9?w=800
69,Casa Contemporânea em Alto de Pinheiros,casa,residencial,venda,Alto de Pinheiros,zona_oeste,São Paulo,SP,4800000.00,4,4,5,4,420,0.00,17200.00,"Residência contemporânea com projeto assinado por arquiteto renomado em Alto de Pinheiros. Área externa espetacular com piscina aquecida de raia, deck de cumaru e jardim vertical com irrigação automática. Living com janelões de vidro do piso ao teto que integram perfeitamente a área interna e o jardim. Quatro suítes espaçosas com varandas privativas e marcenaria sob medida de altíssimo padrão. Equipada com placas solares fotovoltaicas e sistema de segurança inteligente.","casa_contemporanea, piscina_raia, jardim_vertical, energia_solar, suite_master, alto_de_pinheiros, alto_padrao",alto_padrao,true,https://images.unsplash.com/photo-1600596542815-ffad4c1539a9?w=800
70,Casa Aconchegante na Vila Mariana,casa,residencial,venda,Vila Mariana,zona_sul,São Paulo,SP,1750000.00,3,2,3,2,190,0.00,4100.00,Charmosa casa de bairro em rua fechada com cancela e segurança na Vila Mariana. Possui quintal ensolarado nos fundos com churrasqueira e edícula completa com banheiro e lavanderia. Sala para dois ambientes confortáveis com piso em tábua corrida e muita luz natural. Três quartos amplos sendo duas suítes com armários planejados de excelente marcenaria. Próxima ao Parque Ibirapuera e aos melhores colégios da região.,"casa_rua_fechada, quintal, edicula, churrasqueira, perto_ibirapuera, seguranca_24h, vila_mariana",residencial_familia,true,https://images.unsplash.com/photo-1600596542815-ffad4c1539a9?w=800
71,Casa Ampla no Campo Belo,casa,residencial,venda,Campo Belo,zona_sul,São Paulo,SP,2600000.00,4,3,4,4,280,0.00,7400.00,"Espaçosa residência unifamiliar localizada em rua arborizada e silenciosa no Campo Belo. Quintal com piscina, espaço gourmet coberto com churrasqueira a carvão e pergolado com plantas ornamentais. Living para três ambientes com lareira, piso em madeira maciça e lavabo para visitas. Quatro dormitórios no pavimento superior sendo três suítes com closet e hidromassagem. Garagem para quatro automóveis e sistema completo de câmeras.","casa, piscina, churrasqueira, lareira, suite_master, quintal_amplo, campo_belo, residencial_familia",residencial_familia,true,https://images.unsplash.com/photo-1600596542815-ffad4c1539a9?w=800
72,Casa Charmosa na Pompeia,casa,residencial,venda,Pompeia,zona_oeste,São Paulo,SP,1450000.00,3,1,3,2,160,0.00,3600.00,"Aconchegante casa residencial na Pompeia com arquitetura preservada e interiores modernos. Quintal agradável nos fundos com churrasqueira, jardim de inverno e espaço ideal para pets. Sala de estar e jantar em plano aberto integradas a uma cozinha americana moderna com armários planejados. Três dormitórios confortáveis com piso laminado novo sendo uma suíte com closet. Excelente localização a poucos metros de feiras orgânicas e padarias artesanais.","casa, quintal, churrasqueira, jardim_inverno, cozinha_americana, pet_friendly, pompeia",residencial_familia,true,https://images.unsplash.com/photo-1600596542815-ffad4c1539a9?w=800
73,Casa Tradicional no Jardim São Paulo,casa,residencial,venda,Jardim São Paulo,zona_norte,São Paulo,SP,1280000.00,3,2,3,3,185,0.00,3200.00,"Ótima casa em localização privilegiada na Zona Norte próxima ao Mirante de Santana. Quintal espaçoso com área gourmet, churrasqueira a carvão e forno de pizza para momentos em família. Sala de visitas ampla, sala de jantar e cozinha com copa separada repleta de armários. Três dormitórios iluminados sendo duas suítes com sacada privativa e vista agradável. Vaga para três veículos com portão eletrônico e cerca elétrica.","casa, churrasqueira, forno_pizza, quintal, portao_eletronico, jardim_sao_paulo, residencial_familia",residencial_familia,true,https://images.unsplash.com/photo-1600596542815-ffad4c1539a9?w=800
74,Casa Elegante no Anália Franco,casa,residencial,venda,Anália Franco,zona_leste,São Paulo,SP,2950000.00,4,3,5,4,330,0.00,8200.00,"Moderna residência em terreno de esquina com fachada imponente no Jardim Anália Franco. Área de lazer privativa com piscina aquecida, cascata e salão gourmet com churrasqueira e chopeira. Sala ampla com pé direito duplo, lareira a gás e escada escultural em mármore Crema Marfil. Quatro quartos amplos sendo três suítes com persianas automatizadas e ar-condicionado instalado. Garagem com portão basculante automático para quatro carros.","casa, piscina_aquecida, cascata, churrasqueira, lareira, pe_direito_duplo, analia_franco, alto_padrao",alto_padrao,true,https://images.unsplash.com/photo-1600596542815-ffad4c1539a9?w=800
75,Casa Prática no Butantã,casa,residencial,venda,Butantã,zona_oeste,São Paulo,SP,820000.00,2,1,2,2,130,0.00,1800.00,Casa térrea perfeita para primeiro imóvel ou investidor em bairro residencial calmo no Butantã. Quintal privativo com churrasqueira simples e edícula que pode ser usada como home office. Sala para dois ambientes com boa iluminação e piso cerâmico bem conservado. Dois quartos bem distribuídos sendo uma suíte com armário embutido. Garagem para dois veículos com fácil acesso à Rodovia Raposo Tavares e metrô.,"casa_terrea, quintal, churrasqueira, home_office, primeiro_imovel, butanta, oportunidade",jovem_casal,true,https://images.unsplash.com/photo-1600596542815-ffad4c1539a9?w=800
76,Casa com Piscina no Morumbi,casa,residencial,venda,Morumbi,zona_sul,São Paulo,SP,3100000.00,4,3,5,4,360,0.00,9500.00,"Bela casa residencial cercada por verde exuberante no Jardim Guedala próximo ao Morumbi. Quintal espetacular com piscina ensolarada, churrasqueira gourmet e gazebo para descanso. Salas de estar, jantar e home theater todas integradas com piso em peroba rosa. Quatro dormitórios sendo três suítes com armários de madeira maciça e vista panorâmica para o jardim. Imóvel com guarita de segurança próxima e monitoramento por câmeras 24 horas.","casa, piscina, quiosque, churrasqueira, jardim, morumbi, seguranca_24h, alto_padrao",residencial_familia,true,https://images.unsplash.com/photo-1600596542815-ffad4c1539a9?w=800
77,Casa Acolhedora em Santana,casa,residencial,venda,Santana,zona_norte,São Paulo,SP,790000.00,2,1,2,2,125,0.00,1650.00,Charmosa casa térrea localizada em viela residencial arborizada e muito tranquila em Santana. Quintal lateral com pequeno jardim e área para churrasco com amigos aos finais de semana. Sala aconchegante com piso em taco de madeira sintecado e cozinha com passa-pratos. Dois dormitórios com ótima ventilação sendo uma suíte compacta com box de vidro. Garagem coberta para dois carros e localização próxima a comércio e serviços essenciais.,"casa_terrea, taco_madeira, jardim, churrasco, santana, oportunidade, jovem_casal",jovem_casal,true,https://images.unsplash.com/photo-1600596542815-ffad4c1539a9?w=800
78,Casa em Condomínio Fechado no Morumbi,casa_condominio,residencial,venda,Morumbi,zona_sul,São Paulo,SP,3600000.00,4,4,5,4,380,2400.00,11000.00,"Casa de alto padrão em condomínio fechado com segurança 24h e ronda armada no Morumbi. Amplo quintal privativo com piscina aquecida, deck de madeira e espaço gourmet com churrasqueira. Sala para três ambientes com lareira, pé direito duplo e portas de vidro retráteis. Quatro suítes com closet sendo a master equipada com banheira de hidromassagem e sacada. O condomínio oferece quadra de tênis de saibro, academia moderna e playground.","casa_condominio, condominio_fechado, piscina_aquecida, churrasqueira, lareira, quadra_tenis, seguranca_24h",alto_padrao,true,https://images.unsplash.com/photo-1600596542815-ffad4c1539a9?w=800
79,Residência Moderna em Condomínio em Alto de Pinheiros,casa_condominio,residencial,venda,Alto de Pinheiros,zona_oeste,São Paulo,SP,7900000.00,4,4,6,5,520,3800.00,21000.00,"Exclusiva residência em condomínio fechado de altíssimo padrão com projeto de iluminação impecável em Alto de Pinheiros. Piscina privativa com raia de natação, solarium integrado e churrasqueira gourmet de inox. Área social envidraçada com acabamento em mármore, lareira ecológica e adega climatizada. Quatro suítes master com varandas privativas e closet espaçoso. Condomínio com segurança internacional, portaria blindada e circuito fechado de TV.","casa_condominio, piscina_raia, solarium, lareira, adega, suite_master, alto_de_pinheiros, seguranca_maxima",alto_padrao,true,https://images.unsplash.com/photo-1600596542815-ffad4c1539a9?w=800
80,Mansão em Condomínio Fechado no Morumbi,casa_condominio,residencial,venda,Morumbi,zona_sul,São Paulo,SP,11800000.00,5,5,7,6,680,4600.00,26000.00,"Majestosa residência em condomínio fechado exclusivo no Morumbi cercada por mata nativa preservada. Terreno amplo com piscina de borda infinita, sauna privativa, espaço gourmet e jardim exuberante. Salão com pé direito duplo monumental, home theater com isolamento acústico e lareira imponente. Cinco suítes esplêndidas com hidromassagem dupla e closets individuais. Condomínio com heliponto, quadras de tênis, pista de cooper e segurança 24 horas.","casa_condominio, borda_infinita, sauna_privativa, home_theater, lareira, heliponto, morumbi, alto_luxo",alto_padrao,true,https://images.unsplash.com/photo-1600596542815-ffad4c1539a9?w=800
81,Casa em Condomínio Fechado no Campo Belo,casa_condominio,residencial,venda,Campo Belo,zona_sul,São Paulo,SP,2900000.00,4,3,5,3,290,1950.00,7800.00,"Charmosa casa de vila em condomínio fechado com portaria presencial 24h no coração do Campo Belo. Quintal privativo agradável com churrasqueira moderna e spa de hidromassagem para seis pessoas. Sala com três ambientes integrados, cozinha gourmet planejada e lavabo social decorado. Dispõe de quatro dormitórios sendo três suítes com armários planejados e ar-condicionado. Condomínio tranquilo e seguro com área verde e playground para crianças.","casa_condominio, hidromassagem_spa, churrasqueira, ar_condicionado, vila_fechada, campo_belo, seguranca_24h",residencial_familia,true,https://images.unsplash.com/photo-1600596542815-ffad4c1539a9?w=800
82,Casa em Condomínio Fechado no Butantã,casa_condominio,residencial,venda,Butantã,zona_oeste,São Paulo,SP,1750000.00,3,3,4,2,220,1100.00,3900.00,"Linda residência em condomínio fechado próximo ao Parque da Previdência e metrô Butantã. Área externa privativa com jardim e espaço gourmet coberto equipado com churrasqueira a carvão e pia. Sala espaçosa para dois ambientes com piso em porcelanato acetinado e ótima iluminação natural. Três suítes confortáveis com móveis planejados novos e banheiros modernos. Condomínio com piscina coletiva, quadra poliesportiva, salão de festas e portaria 24h.","casa_condominio, churrasqueira, jardim_privativo, porcelanato, perto_metro, butanta, condominio_fechado",residencial_familia,true,https://images.unsplash.com/photo-1600596542815-ffad4c1539a9?w=800
83,Casa em Condomínio Fechado no Jardim São Paulo,casa_condominio,residencial,venda,Jardim São Paulo,zona_norte,São Paulo,SP,1980000.00,3,3,4,3,240,1350.00,4500.00,"Excelente casa em condomínio horizontal fechado de poucas unidades no Jardim São Paulo. Quintal privativo nos fundos com churrasqueira a carvão e deck de madeira ideal para descanso. Ampla sala de estar e jantar com projeto de som embutido e cozinha americana com armários de alto padrão. Três suítes bem ventiladas com persianas elétricas integradas. O condomínio dispõe de segurança eletrônica 24 horas, cerca virtual e salão gourmet comum.","casa_condominio, churrasqueira, deck_madeira, persianas_eletricas, som_ambiente, jardim_sao_paulo, seguranca_24h",residencial_familia,true,https://images.unsplash.com/photo-1600596542815-ffad4c1539a9?w=800
84,Casa Contemporânea em Condomínio no Anália Franco,casa_condominio,residencial,venda,Anália Franco,zona_leste,São Paulo,SP,3400000.00,4,4,5,4,350,2200.00,9200.00,"Espetacular casa em condomínio de luxo a poucos metros do Shopping Anália Franco. Quintal privativo com piscina climatizada, cascata em inox e espaço gourmet com churrasqueira e fogão a lenha. Sala de estar com pé direito duplo e lareira elétrica integrada à sala de jantar sofisticada. Quatro suítes com closet sendo a principal com banheira de hidromassagem e sacada ampla. Condomínio com infraestrutura completa de lazer, piscina aquecida e guarita blindada.","casa_condominio, piscina_climatizada, churrasqueira, cascata, pe_direito_duplo, analia_franco, alto_padrao",alto_padrao,true,https://images.unsplash.com/photo-1600596542815-ffad4c1539a9?w=800
85,Casa Charmosa em Condomínio na Vila Mariana,casa_condominio,residencial,venda,Vila Mariana,zona_sul,São Paulo,SP,2650000.00,3,3,4,3,260,1850.00,6700.00,"Maravilhosa casa em condomínio fechado com localização privilegiada na Vila Mariana perto do Colégio Arquidiocesano. Quintal agradável com churrasqueira privativa, bancada de granito e pergolado florido. Sala ampla para três ambientes com sancas iluminadas e piso em tábua de madeira nobre. Três suítes com marcenaria planejada impecável e banheiros com ventilação natural. Condomínio intimista com poucas famílias, portaria 24 horas e espaço infantil.","casa_condominio, churrasqueira, pergolado, piso_madeira, suite_planejada, vila_mariana, seguranca_24h",residencial_familia,true,https://images.unsplash.com/photo-1600596542815-ffad4c1539a9?w=800
86,Casa Térrea em Condomínio no Morumbi,casa_condominio,residencial,venda,Morumbi,zona_sul,São Paulo,SP,4200000.00,4,4,5,4,420,2800.00,13500.00,"Rara residência térrea em condomínio fechado arborizado no Morumbi com total privacidade e conforto. Jardim privativo espaçoso com piscina aquecida, espaço gourmet completo com churrasqueira e forno de pizza. Salas de estar e jantar envidraçadas voltadas para o verde com lareira a lenha tradicional. Quatro amplas suítes com closet e ar-condicionado tipo split instalado. Condomínio de alto nível com quadra de tênis, segurança motorizada e portaria blindada 24h.","casa_condominio, casa_terrea, piscina_aquecida, churrasqueira, forno_pizza, lareira, morumbi, alto_padrao",alto_padrao,true,https://images.unsplash.com/photo-1600596542815-ffad4c1539a9?w=800
87,Casa Moderna em Condomínio em Santana,casa_condominio,residencial,venda,Santana,zona_norte,São Paulo,SP,1850000.00,3,2,4,3,215,1250.00,4100.00,"Excelente casa em condomínio fechado com vista panorâmica para o Campo de Marte e Serra da Cantareira em Santana. Espaço gourmet privativo nos fundos com churrasqueira moderna e teto retrátil de vidro. Living amplo com piso em porcelanato polido e escada vazada com corrimão de inox. Três dormitórios sendo duas suítes com sacada e móveis sob medida. Condomínio com piscina, academia moderna, salão de festas e portaria 24h.","casa_condominio, churrasqueira, teto_retratil, vista_panoramica, porcelanato, santana, lazer_completo",residencial_familia,true,https://images.unsplash.com/photo-1600596542815-ffad4c1539a9?w=800
88,Sobrado Moderno na Pompeia,sobrado,residencial,venda,Pompeia,zona_oeste,São Paulo,SP,1380000.00,3,2,3,2,165,0.00,3200.00,Sobrado totalmente reformado com arquitetura contemporânea em rua calma na Pompeia. Quintal privativo aos fundos com churrasqueira gourmet e teto retrátil para confraternizações em qualquer clima. Sala de estar e jantar com projeto luminotécnico moderno e cozinha americana com bancada de quartzo. Três dormitórios bem distribuídos sendo duas suítes com closet na master. Duas vagas de garagem com portão automático e interfone com câmera.,"sobrado, churrasqueira, teto_retratil, cozinha_americana, suite_master, pompeia, portao_automatico",residencial_familia,true,https://images.unsplash.com/photo-1600596542815-ffad4c1539a9?w=800
89,Sobrado Amplo no Jardim São Paulo,sobrado,residencial,venda,Jardim São Paulo,zona_norte,São Paulo,SP,1180000.00,3,1,3,3,170,0.00,2800.00,"Belíssimo sobrado tradicional em excelente localização no Jardim São Paulo a poucas quadras do metrô. Área dos fundos com churrasqueira a carvão, edícula com banheiro e lavanderia ampla. Sala em dois ambientes com piso de madeira maciça impecável e lavabo social decorado. Três dormitórios arejados sendo uma ampla suíte com sacada frontal ensolarada. Garagem subterrânea para três carros com portão automatizado.","sobrado, churrasqueira, edicula, piso_madeira, perto_metro, jardim_sao_paulo, garagem_subterranea",residencial_familia,true,https://images.unsplash.com/photo-1600596542815-ffad4c1539a9?w=800
90,Sobrado Charmoso no Butantã,sobrado,residencial,venda,Butantã,zona_oeste,São Paulo,SP,850000.00,3,1,2,2,135,0.00,1950.00,Ótimo sobrado residencial em bolsão residencial tranquilo e arborizado no Butantã. Possui quintal ensolarado nos fundos com churrasqueira e espaço para horta e plantas. Sala para dois ambientes confortáveis com piso cerâmico claro e cozinha com armários embutidos. Três dormitórios com boa claridade natural sendo uma suíte funcional. Garagem privativa para dois veículos com fácil acesso às principais vias da região.,"sobrado, quintal, churrasqueira, bolao_residencial, butanta, oportunidade, residencial_familia",residencial_familia,false,https://images.unsplash.com/photo-1600596542815-ffad4c1539a9?w=800
91,Sobrado Triplex no Anália Franco,sobrado,residencial,venda,Anália Franco,zona_leste,São Paulo,SP,2250000.00,4,3,4,4,260,0.00,5900.00,"Imponente sobrado triplex de alto padrão no Jardim Anália Franco com acabamentos de luxo. Terraço superior privativo com espaço gourmet, churrasqueira a carvão e jacuzzi aquecida. Sala espaçosa com três ambientes, piso em granito e teto rebaixado com iluminação indireta. Quatro dormitórios sendo três suítes com persianas elétricas e varanda na suíte principal. Garagem no subsolo para quatro veículos com portão eletrônico e sistema de alarme.","sobrado_triplex, jacuzzi, espaco_gourmet, churrasqueira, granito, analia_franco, alto_padrao",alto_padrao,true,https://images.unsplash.com/photo-1600596542815-ffad4c1539a9?w=800
92,Sobrado de Vila na Vila Mariana,sobrado,residencial,venda,Vila Mariana,zona_sul,São Paulo,SP,1490000.00,3,2,3,2,150,0.00,3400.00,"Raridade em vila fechada tradicional com portão eletrônico e muita tranquilidade na Vila Mariana. Quintal privativo com churrasqueira e jardim vertical acolhedor para momentos de lazer. Sala de estar com lareira aconchegante, piso de tábuas de demolição e lavabo. Três dormitórios sendo duas suítes com armários de marcenaria fina. Ambiente seguro onde as crianças podem brincar na rua com total liberdade e paz.","sobrado, vila_fechada, lareira, churrasqueira, jardim_vertical, perto_parque, vila_mariana",residencial_familia,true,https://images.unsplash.com/photo-1600596542815-ffad4c1539a9?w=800
93,Sobrado Novo em Santana,sobrado,residencial,venda,Santana,zona_norte,São Paulo,SP,950000.00,3,2,3,2,140,0.00,2200.00,Lindo sobrado recém-construído com materiais de primeira qualidade em rua residencial em Santana. Área externa aos fundos com churrasqueira e pia de apoio para encontros familiares. Sala ampla em conceito aberto com piso porcelanato e cozinha integrada com bancada em granito. Três dormitórios sendo duas suítes com preparação para ar-condicionado. Duas vagas de garagem com portão basculante e interfone.,"sobrado, recem_construido, churrasqueira, conceito_aberto, porcelanato, santana, jovem_casal",jovem_casal,true,https://images.unsplash.com/photo-1600596542815-ffad4c1539a9?w=800
94,Sobrado Confortável em Campo Belo,sobrado,residencial,venda,Campo Belo,zona_sul,São Paulo,SP,1850000.00,3,2,4,3,210,0.00,4800.00,"Sobrado espaçoso e ensolarado localizado em rua tranquila e segura no Campo Belo. Quintal amplo com churrasqueira gourmet, jardim gramado e edícula com suíte de hóspedes. Living para dois ambientes confortáveis com lareira a gás e piso em madeira de lei. Três dormitórios sendo duas suítes com armários embutidos e hidromassagem na suíte master. Garagem coberta para três carros com portão automático.","sobrado, quintal_amplo, churrasqueira, lareira, edicula, suite_master, campo_belo, residencial_familia",residencial_familia,true,https://images.unsplash.com/photo-1600596542815-ffad4c1539a9?w=800
95,Sobrado Moderno no Butantã,sobrado,residencial,venda,Butantã,zona_oeste,São Paulo,SP,720000.00,2,1,2,2,105,0.00,1500.00,Excelente sobrado contemporâneo ideal para jovens casais ou investidores no Butantã próximo ao metrô. Quintal compacto com churrasqueira e área de serviço coberta bem ventilada. Sala iluminada para dois ambientes com piso laminado novo e lavabo decorado. Dois dormitórios amplos sendo uma suíte com sacada ensolarada. Duas vagas de garagem e ótima vizinhança residencial com comércios próximos.,"sobrado, churrasqueira, quintal, perto_metro, primeiro_imovel, butanta, jovem_casal",jovem_casal,true,https://images.unsplash.com/photo-1600596542815-ffad4c1539a9?w=800
96,Loft Industrial no Jardim Paulista,loft,residencial,venda,Jardim Paulista,zona_sul,São Paulo,SP,1850000.00,1,1,2,2,115,1650.00,4200.00,"Incrível loft em estilo industrial nova-iorquino com pé direito duplo de cinco metros no Jardim Paulista. Projeto arquitetônico de tirar o fôlego com tijolos aparentes, vigas de concreto e tubulação elétrica exposta. Mezanino imponente abrigando a suíte master com closet walk-in e hidromassagem com vista para a copa das árvores. Cozinha gourmet totalmente equipada com ilha em inox e eletrodomésticos importados. Condomínio exclusivo com academia boutique, piscina com raia aquecida e concierge.","loft_industrial, pe_direito_duplo, mezanino, tijolo_aparente, hidromassagem, jardins, concierge, alto_padrao",alto_padrao,true,https://images.unsplash.com/photo-1600596542815-ffad4c1539a9?w=800
97,Loft Duplex Moderno na Vila Mariana,loft,residencial,venda,Vila Mariana,zona_sul,São Paulo,SP,980000.00,1,1,2,1,72,890.00,2300.00,"Moderno loft duplex com pé direito duplo situado a 300 metros da estação Vila Mariana do metrô. Sala espaçosa com varanda envidraçada integrada à cozinha americana repleta de marcenaria sob medida. No piso superior encontra-se uma charmosa suíte com closet planejado e ar-condicionado inverter. Condomínio com infraestrutura completa incluindo piscina na cobertura com vista espetacular, academia e coworking. Excelente opção tanto para moradia com muito estilo quanto para investimento com alto retorno em locação.","loft_duplex, pe_direito_duplo, varanda, perto_metro, coworking, rooftop_piscina, vila_mariana, investidor",investidor,true,https://images.unsplash.com/photo-1600596542815-ffad4c1539a9?w=800
98,Loft Contemporâneo em Alto de Pinheiros,loft,residencial,venda,Alto de Pinheiros,zona_oeste,São Paulo,SP,1420000.00,1,1,2,2,95,1250.00,3400.00,"Sofisticado loft com conceito aberto e arquitetura contemporânea cercado por muito verde em Alto de Pinheiros. Living amplo integrado com terraço gourmet equipado com churrasqueira e vista panorâmica para o bairro. Pé direito duplo com janelas panorâmicas do chão ao teto que proporcionam luminosidade incomparável. Suíte master no mezanino com banheira de imersão e acabamentos de altíssimo padrão. Edifício moderno com gerador full, piscina aquecida e segurança privativa 24 horas.","loft, conceito_aberto, terraco_gourmet, churrasqueira, mezanino, pe_direito_duplo, alto_de_pinheiros",alto_padrao,true,https://images.unsplash.com/photo-1600596542815-ffad4c1539a9?w=800
99,Loft Urbano na Pompeia,loft,residencial,venda,Pompeia,zona_oeste,São Paulo,SP,750000.00,1,1,2,1,58,720.00,1750.00,"Loft duplex estiloso na Pompeia perfeito para quem busca praticidade, design arrojado e localização estratégica. Sala com pé direito duplo, varanda com fechamento de vidro e cozinha americana compacta com bancada em granito. Mezanino com suíte acolhedora, armários planejados espelhados e ar-condicionado instalado. Prédio com conceito jovem contando com lavanderia coletiva OMO, piscina no rooftop e espaço fitness. Alta liquidez e excelente rentabilidade para locação por temporada ou tradicional.","loft_duplex, pe_direito_duplo, rooftop_piscina, lavanderia_coletiva, pompeia, investidor, jovem_casal",investidor,true,https://images.unsplash.com/photo-1600596542815-ffad4c1539a9?w=800
100,Loft Conceito no Campo Belo,loft,residencial,venda,Campo Belo,zona_sul,São Paulo,SP,1150000.00,1,1,2,1,82,980.00,2600.00,"Espetacular loft com pé direito duplo de 5 metros e acabamento refinado no coração do Campo Belo. Living com lareira ecológica, piso em cimento queimado e integração fluida à cozinha gourmet. Suíte master elegante no pavimento superior com closet espaçoso e hidromassagem privativa. Prédio de design assinado com lazer completo incluindo sauna úmida, piscina de raia climatizada e portaria inteligente 24h. Ideal para profissionais exigentes ou investidores focados no público corporativo da região Berrini.","loft, pe_direito_duplo, cimento_queimado, lareira, hidro, piscina_raia, campo_belo, investidor",investidor,true,https://images.unsplash.com/photo-1600596542815-ffad4c1539a9?w=800
101,Studio Moderno no Coração da Consolação,studio,residencial,aluguel,Consolação,centro,São Paulo,SP,2600.00,1,0,1,0,28,480.00,920.00,"Studio moderno e totalmente mobiliado a poucos passos do metrô Higienópolis-Mackenzie. Ambiente integrado com marcenaria planejada, ar-condicionado instalado e varanda com vista livre. Prédio conta com academia completa, coworking, lavanderia compartilhada e portaria 24 horas. Ideal para executivos e estudantes que valorizam praticidade.","mobiliado, metro_proximo, coworking, portaria_24h, academia, ar_condicionado",executivo,true,https://images.unsplash.com/photo-1522708323590-d24dbb6b0267?w=800
102,Studio Mobiliado na Bela Vista,studio,residencial,aluguel,Bela Vista,centro,São Paulo,SP,2200.00,1,0,1,0,26,420.00,780.00,"Aconchegante studio pronto para morar próximo à Avenida Paulista e ao metrô São Joaquim. Espaço inteligente com armários embutidos, cozinha equipada com cooktop e micro-ondas. Condomínio seguro com portaria remota, bicicletário e terraço gourmet. Excelente oportunidade para jovens solteiros e profissionais.","mobiliado, metro_proximo, portaria_24h, primeiro_aluguel, pet_friendly",primeiro_imovel,true,https://images.unsplash.com/photo-1522708323590-d24dbb6b0267?w=800
103,Studio Design em Pinheiros,studio,residencial,aluguel,Pinheiros,zona_oeste,São Paulo,SP,3800.00,1,1,1,1,35,650.00,1400.00,"Studio de alto padrão assinado por renomado arquiteto a duas quadras do metrô Fradique Coutinho. Unidade com acabamento premium, varanda envidraçada integrada à sala e automação de iluminação. Edifício completo com piscina de borda infinita na cobertura, academia de última geração e espaço pet. Perfeito para morar com sofisticação em um dos bairros mais desejados.","alto_padrao, metro_proximo, piscina, varanda_fechada, academia, pet_friendly",executivo,true,https://images.unsplash.com/photo-1522708323590-d24dbb6b0267?w=800
104,Studio Compacto na República,studio,residencial,aluguel,República,centro,São Paulo,SP,1850.00,0,0,1,0,22,360.00,640.00,"Studio compacto e funcional a poucos metros da estação República do metrô. Totalmente mobiliado com cama retrátil, bancada de estudos e cozinha prática. Prédio tradicional revitalizado com portaria 24 horas, lavanderia Omo e terraço coletivo. Custo-benefício incomparável para quem busca morar no centro.","metro_proximo, mobiliado, portaria_24h, lavanderia_coletiva, economico",primeiro_imovel,true,https://images.unsplash.com/photo-1522708323590-d24dbb6b0267?w=800
105,Studio Sofisticado na Vila Olímpia,studio,residencial,aluguel,Vila Olímpia,zona_sul,São Paulo,SP,4100.00,1,1,1,1,38,790.00,1850.00,"Studio contemporâneo em localização privilegiada próximo aos centros empresariais da Faria Lima. Imóvel novo com piso em porcelanato, ar-condicionado inverter e varanda com vista aberta. Condomínio clube com piscina aquecida, sauna, academia equipada e serviço de concierge. Excelente escolha para executivos do setor corporativo e financeiro.","alto_padrao, ar_condicionado, piscina_aquecida, vaga_garagem, academia, portaria_24h",executivo,true,https://images.unsplash.com/photo-1522708323590-d24dbb6b0267?w=800
106,Studio Novo na Vila Mariana,studio,residencial,aluguel,Vila Mariana,zona_sul,São Paulo,SP,2900.00,1,0,1,1,32,540.00,1100.00,"Charmoso studio a apenas 400 metros da estação Ana Rosa do metrô. Possui varanda gourmet com ponto grill, marcenaria completa e banheiro com box blindex. O condomínio oferece lounge gourmet, coworking com cabines acústicas e minimercado 24 horas. Ideal para solteiros ou estudantes de pós-graduação.","metro_proximo, varanda, coworking, vaga_garagem, pet_friendly",primeiro_imovel,true,https://images.unsplash.com/photo-1522708323590-d24dbb6b0267?w=800
107,Studio Elegante em Moema,studio,residencial,aluguel,Moema,zona_sul,São Paulo,SP,3700.00,1,1,1,1,36,720.00,1600.00,"Studio primoroso no coração de Moema Pássaros com fácil acesso ao Parque Ibirapuera. Projeto inteligente com divisória em vidro canelado separando o quarto do estar. Estrutura de lazer no rooftop com piscina, churrasqueira e vista panorâmica espetacular. Prédio com portaria presencial e zeladoria atenta.","parque_ibirapuera, mobiliado, piscina_rooftop, vaga_garagem, portaria_24h",executivo,true,https://images.unsplash.com/photo-1522708323590-d24dbb6b0267?w=800
108,Studio Funcional no Tatuapé,studio,residencial,aluguel,Tatuapé,zona_leste,São Paulo,SP,2100.00,1,0,1,0,29,390.00,750.00,"Studio prático e bem localizado a curta caminhada do Shopping Boulevard Tatuapé e metrô. Mobiliado com sofá-cama de casal, mesa de jantar retrátil e armários sob medida. Condomínio com espaço fitness, lavanderia e área de convivência ao ar livre. Ótima opção para início de vida independente com conveniência.","metro_proximo, mobiliado, shopping_proximo, academia, lavanderia_coletiva",primeiro_imovel,true,https://images.unsplash.com/photo-1522708323590-d24dbb6b0267?w=800
109,Studio Aconchegante na Mooca,studio,residencial,aluguel,Mooca,zona_leste,São Paulo,SP,1950.00,1,0,1,0,27,340.00,680.00,"Studio moderno na tradicional Mooca, próximo à Universidade São Judas e estação Bresser-Mooca. Ambientes bem iluminados naturalmente, banheiro espaçoso com ventilação natural. Condomínio seguro e econômico com portaria eletrônica e salão de festas. Perfeito para estudantes e recém-formados.","metro_proximo, custo_beneficio, portaria_24h, pet_friendly",primeiro_imovel,true,https://images.unsplash.com/photo-1522708323590-d24dbb6b0267?w=800
110,Studio Contemporâneo em Perdizes,studio,residencial,aluguel,Perdizes,zona_oeste,São Paulo,SP,3100.00,1,0,1,1,34,580.00,1250.00,"Studio de alto padrão perto da PUC-SP e do Parque da Água Branca. Ambientes integrados com varanda envidraçada, marcenaria sob medida e ar-condicionado. Condomínio conta com piscina aquecida, fitness center e espaço pet care. Conforto e mobilidade garantidos na Zona Oeste paulistana.","ar_condicionado, varanda_fechada, piscina, academia, vaga_garagem",jovem_casal,true,https://images.unsplash.com/photo-1522708323590-d24dbb6b0267?w=800
111,Studio Prático na Consolação,studio,residencial,aluguel,Consolação,centro,São Paulo,SP,2400.00,1,0,1,0,25,430.00,810.00,"Studio mobiliado no coração da Consolação, a passos da Rua Augusta e estação Paulista. Cozinha compacta equipada com geladeira inox, micro-ondas e fogão elétrico. Prédio com lavanderia OMO, coworking compartilhado e portaria 24 horas ininterrupta. Excelente opção para profissionais dinâmicos e urbanos.","mobiliado, metro_proximo, coworking, portaria_24h, lavanderia_coletiva",executivo,true,https://images.unsplash.com/photo-1522708323590-d24dbb6b0267?w=800
112,Studio Confortável na Bela Vista,studio,residencial,aluguel,Bela Vista,centro,São Paulo,SP,2050.00,0,0,1,0,24,380.00,710.00,"Studio compacto e funcional próximo aos hospitais Sírio-Libanês e Nove de Julho. Totalmente planejado para otimização de espaço com iluminação embutida e piso laminado. Edifício com portaria 24 horas, bicicletário e terraço coletivo com churrasqueira. Muito procurado por residentes médicos e profissionais de saúde.","hospital_proximo, mobiliado, portaria_24h, pet_friendly",primeiro_imovel,true,https://images.unsplash.com/photo-1522708323590-d24dbb6b0267?w=800
113,Studio Executivo em Pinheiros,studio,residencial,aluguel,Pinheiros,zona_oeste,São Paulo,SP,3950.00,1,1,1,1,37,690.00,1550.00,"Studio premium finamente mobiliado e decorado na melhor região de Pinheiros. Varanda integrada com fechamento em vidro e vista livre para a copa das árvores. Condomínio boutique com piscina no rooftop, sauna seca e academia com equipamentos Life Fitness. Exclusividade e praticidade a poucos passos do metrô.","alto_padrao, mobiliado, metro_proximo, piscina_rooftop, vaga_garagem",executivo,true,https://images.unsplash.com/photo-1522708323590-d24dbb6b0267?w=800
114,Studio Econômico na República,studio,residencial,aluguel,República,centro,São Paulo,SP,1650.00,0,0,1,0,21,310.00,600.00,"Studio econômico a 100 metros do metrô República e Theatro Municipal. Espaço acolhedor com piso em taco restaurado, banheiro reformado e bancada para refeições. Condomínio tradicional com portaria 24 horas e elevadores modernizados. A alternativa ideal para morar bem no centro pagando aluguel justo.","metro_proximo, economico, portaria_24h, centro_historico",primeiro_imovel,true,https://images.unsplash.com/photo-1522708323590-d24dbb6b0267?w=800
115,Studio Moderno na Vila Mariana,studio,residencial,aluguel,Vila Mariana,zona_sul,São Paulo,SP,2750.00,1,0,1,0,31,510.00,990.00,"Studio em condomínio novo a passos do metrô Vila Mariana e Shopping Santa Cruz. Imóvel com marcenaria planejada, ar-condicionado split e varanda com boa incidência solar. Lazer completo com piscina adulto, academia, salão de festas e portaria 24 horas. Unidade atualmente locada para renovação de contrato.","metro_proximo, varanda, ar_condicionado, piscina, academia",investidor,false,https://images.unsplash.com/photo-1522708323590-d24dbb6b0267?w=800
116,Studio Tecnológico na Vila Olímpia,studio,residencial,aluguel,Vila Olímpia,zona_sul,São Paulo,SP,4200.00,1,1,1,1,38,820.00,1900.00,"Studio inteligente com fechadura digital, automação por comando de voz e ar-condicionado. Cozinha gourmet com bancada em ilha de granito preto e cooktop por indução. Prédio ultramoderno com coworking privativo, sala de reuniões e lavanderia industrial. Ideal para quem trabalha na Faria Lima ou Berrini e não quer perder tempo no trânsito.","tecnologia, alto_padrao, mobiliado, coworking, vaga_garagem, portaria_24h",executivo,true,https://images.unsplash.com/photo-1522708323590-d24dbb6b0267?w=800
117,Studio Acolhedor no Tatuapé,studio,residencial,aluguel,Tatuapé,zona_leste,São Paulo,SP,2250.00,1,0,1,0,30,410.00,820.00,"Studio moderno no bairro do Tatuapé com excelente distribuição e iluminação natural. Conta com móveis planejados em todos os ambientes, varanda agradável e banheiro ventilado. Condomínio com piscina no terraço, espaço fitness e lavanderia coletiva equipada. Excelente endereço residencial próximo a restaurantes e comércio vibrante.","varanda, piscina, academia, lavanderia_coletiva, pet_friendly",primeiro_imovel,true,https://images.unsplash.com/photo-1522708323590-d24dbb6b0267?w=800
118,Studio Decorado em Perdizes,studio,residencial,aluguel,Perdizes,zona_oeste,São Paulo,SP,3300.00,1,1,1,1,35,620.00,1350.00,"Studio completamente decorado e equipado próximo à futura estação de metrô Perdizes. Ambientes bem aproveitados com cama queen size, ar-condicionado e varanda integrada. O edifício conta com portaria presencial 24 horas, academia moderna e piscina aquecida. Prontinho para entrar e desfrutar do melhor do bairro.","mobiliado, ar_condicionado, varanda_fechada, piscina_aquecida, portaria_24h",jovem_casal,true,https://images.unsplash.com/photo-1522708323590-d24dbb6b0267?w=800
119,Apartamento com Varanda Gourmet em Moema,apartamento,residencial,aluguel,Moema,zona_sul,São Paulo,SP,6800.00,2,1,2,1,74,980.00,2800.00,"Espetacular apartamento em Moema Pássaros totalmente reformado e repleto de armários. Ampla sala de estar integrada à varanda envidraçada com churrasqueira a carvão e vista panorâmica. Condomínio com lazer completo oferecendo piscina aquecida, academia equipada, brinquedoteca e quadra. Localizado a poucos passos do metrô Eucaliptos e Shopping Ibirapuera.","varanda_gourmet, metro_proximo, piscina_aquecida, academia, vaga_garagem, portaria_24h",jovem_casal,true,https://images.unsplash.com/photo-1522708323590-d24dbb6b0267?w=800
120,Apartamento Charmoso em Pinheiros,apartamento,residencial,aluguel,Pinheiros,zona_oeste,São Paulo,SP,5500.00,2,1,2,1,68,890.00,2300.00,"Apartamento iluminado e arejado em Pinheiros perto da Praça Benedito Calixto e metrô Oscar Freire. Sala para dois ambientes com piso de madeira nobre e varanda ensolarada. Condomínio moderno com piscina, academia, espaço gourmet e portaria 24 horas. Viver com mobilidade, cultura e os melhores restaurantes da cidade à sua porta.","metro_proximo, varanda, piscina, academia, portaria_24h, pet_friendly",jovem_casal,true,https://images.unsplash.com/photo-1522708323590-d24dbb6b0267?w=800
121,Apartamento Familiar na Vila Mariana,apartamento,residencial,aluguel,Vila Mariana,zona_sul,São Paulo,SP,6200.00,3,1,2,2,92,1150.00,3100.00,"Excelente apartamento de 3 dormitórios próximo aos colégios Marista Arquidiocesano e Bandeirantes. Sala ampla com varanda envidraçada, cozinha planejada com despensa e duas vagas cobertas de garagem. Condomínio com piscina climatizada, playground, salão de jogos e portaria 24 horas presencial. Perfeito para famílias que valorizam educação, conforto e segurança.","residencial_familiar, metro_proximo, piscina, playground, duas_vagas, portaria_24h",residencial_familia,true,https://images.unsplash.com/photo-1522708323590-d24dbb6b0267?w=800
122,Apartamento de Luxo na Vila Olímpia,apartamento,residencial,aluguel,Vila Olímpia,zona_sul,São Paulo,SP,12500.00,3,3,4,3,155,2100.00,7800.00,"Magnífico apartamento de altíssimo padrão com acabamentos de luxo próximo aos shoppings JK Iguatemi e Vila Olímpia. Living para três ambientes integrado à ampla varanda gourmet com churrasqueira. Todas as suítes contam com marcenaria Florense e ar-condicionado Daikin instalado. Condomínio clube com piscina coberta aquecida com raia, quadra de tênis e spa completo.","alto_padrao, varanda_gourmet, suítes, quadra_tenis, piscina_coberta, portaria_24h",alto_padrao,true,https://images.unsplash.com/photo-1522708323590-d24dbb6b0267?w=800
123,Apartamento Prático na Consolação,apartamento,residencial,aluguel,Consolação,centro,São Paulo,SP,3100.00,1,0,1,1,46,590.00,1100.00,"Apartamento de 1 dormitório totalmente reformado a 200 metros da Estação Paulista do metrô. Sala aconchegante com piso em porcelanato, cozinha americana com cooktop e área de serviço separada. Edifício bem administrado com portaria 24 horas, academia e salão de festas. Ótima opção de aluguel para quem trabalha na região da Paulista.","metro_proximo, reformado, cozinha_americana, vaga_garagem, portaria_24h",jovem_casal,true,https://images.unsplash.com/photo-1522708323590-d24dbb6b0267?w=800
124,Apartamento Amplo em Perdizes,apartamento,residencial,aluguel,Perdizes,zona_oeste,São Paulo,SP,7200.00,3,2,3,2,110,1380.00,3900.00,"Apartamento espaçoso em rua tranquila e arborizada próximo à PUC-SP e Parque da Água Branca. Sala com dois ambientes e varanda espaçosa com vista panorâmica definitiva. Condomínio com piscina adulto e infantil, quadra poliesportiva, brinquedoteca e portaria 24 horas. Qualidade de vida superior em uma das melhores localizações da Zona Oeste.","varanda, piscina, quadra_poliesportiva, duas_vagas, portaria_24h",residencial_familia,true,https://images.unsplash.com/photo-1522708323590-d24dbb6b0267?w=800
125,Apartamento Moderno no Tatuapé,apartamento,residencial,aluguel,Tatuapé,zona_leste,São Paulo,SP,4500.00,2,1,2,1,65,750.00,1700.00,"Lindo apartamento novinho próximo ao Parque Ceret e Shopping Anália Franco. Sala integrada à cozinha americana planejada e varanda gourmet com churrasqueira. Condomínio com lazer de clube: piscina aquecida, fitness center, coworking e salão de festas gourmet. Uma oportunidade ímpar para quem busca conforto e modernidade na Zona Leste.","varanda_gourmet, parque_ceret, lazer_clube, piscina_aquecida, portaria_24h",jovem_casal,true,https://images.unsplash.com/photo-1522708323590-d24dbb6b0267?w=800
126,Apartamento Vintage na Mooca,apartamento,residencial,aluguel,Mooca,zona_leste,São Paulo,SP,3300.00,2,1,2,1,75,620.00,1300.00,"Apartamento amplo com pé-direito alto e cômodos bem arejados no coração da Mooca. Piso de taco de madeira perfeitamente restaurado, sala ampla para dois ambientes e cozinha com copa. Prédio residencial familiar e seguro com portaria presencial e salão de festas. Perto das famosas cantinas italianas e com fácil acesso à Radial Leste.","reforma_recente, espacoso, portaria_24h, vaga_garagem, pet_friendly",residencial_familia,true,https://images.unsplash.com/photo-1522708323590-d24dbb6b0267?w=800
127,Apartamento Confortável na Bela Vista,apartamento,residencial,aluguel,Bela Vista,centro,São Paulo,SP,2700.00,1,0,1,1,48,520.00,950.00,"Excelente apartamento de 1 dormitório com varanda a poucos passos da Avenida Paulista e Masp. Sala espaçosa para receber visitas, quarto com armários sob medida e ar-condicionado. Condomínio conta com portaria 24 horas, academia e lavanderia compartilhada. Localização estratégica com toda a infraestrutura cultural e de serviços do centro expandido.","av_paulista, metro_proximo, varanda, portaria_24h, academia, pet_friendly",jovem_casal,true,https://images.unsplash.com/photo-1522708323590-d24dbb6b0267?w=800
128,Apartamento Elegante na Consolação,apartamento,residencial,aluguel,Consolação,centro,São Paulo,SP,4400.00,2,1,2,1,62,780.00,1800.00,"Apartamento de 2 dormitórios finamente mobiliado e decorado na charmosa Rua da Consolação. Sala com varanda integrada envidraçada, cozinha repleta de armários planejados e eletrodomésticos embutidos. O condomínio oferece piscina com raia, academia completa, espaço gourmet e portaria 24 horas. Mobilidade e conforto a poucos metros do metrô Mackenzie.","mobiliado, metro_proximo, varanda_fechada, piscina, academia, portaria_24h",jovem_casal,true,https://images.unsplash.com/photo-1522708323590-d24dbb6b0267?w=800
129,Apartamento Premium em Moema,apartamento,residencial,aluguel,Moema,zona_sul,São Paulo,SP,8900.00,3,2,3,2,128,1650.00,4800.00,"Apartamento sofisticado em Moema Índios com planta excelente e acabamentos de altíssimo padrão. Amplo living integrado à varanda envidraçada, lavabo decorado e suíte máster com closet espaçoso. Condomínio com lazer completo para toda a família incluindo piscina climatizada, quadra e brinquedoteca. Localização nobre a poucas quadras do Parque do Ibirapuera.","alto_padrao, parque_ibirapuera, varanda_fechada, piscina_aquecida, duas_vagas",alto_padrao,true,https://images.unsplash.com/photo-1522708323590-d24dbb6b0267?w=800
130,Apartamento Arejado em Perdizes,apartamento,residencial,aluguel,Perdizes,zona_oeste,São Paulo,SP,5100.00,2,1,2,1,78,860.00,2200.00,"Apartamento muito iluminado e arejado em andar alto com vista panorâmica para as Perdizes. Sala espaçosa com varanda, suíte ampla com armários sob medida e cozinha funcional. Edifício com portaria 24 horas presencial, piscina, salão de festas e vaga de garagem coberta. Rua silenciosa próxima a padarias artesanais e comércio qualificado.","varanda, vista_panoramica, piscina, vaga_garagem, portaria_24h",jovem_casal,true,https://images.unsplash.com/photo-1522708323590-d24dbb6b0267?w=800
131,Apartamento Amplo na Mooca,apartamento,residencial,aluguel,Mooca,zona_leste,São Paulo,SP,4200.00,3,1,2,1,88,790.00,1950.00,"Ótimo apartamento de 3 dormitórios ideal para famílias na região mais nobre da Mooca. Amplo living para dois ambientes com sacada ensolarada, cozinha espaçosa com armários e área de serviço independente. Prédio com piscina, quadra poliesportiva, salão de festas e portaria 24 horas. Bairro tradicional com excelente gastronomia e serviços completos.","residencial_familiar, sacada, piscina, quadra, vaga_garagem, portaria_24h",residencial_familia,true,https://images.unsplash.com/photo-1522708323590-d24dbb6b0267?w=800
132,Apartamento Compacto na República,apartamento,residencial,aluguel,República,centro,São Paulo,SP,2300.00,1,0,1,0,42,490.00,850.00,"Apartamento de 1 dormitório todo reformado próximo à Praça da República e metrô. Living agradável com janelões que proporcionam excelente ventilação cruzada e luz natural. Prédio seguro com portaria 24 horas, circuito de câmeras e elevadores modernizados. Atualmente alugado, disponível para propostas futuras de locação.","centro_historico, reformado, metro_proximo, portaria_24h",investidor,false,https://images.unsplash.com/photo-1522708323590-d24dbb6b0267?w=800
133,Apartamento com Varanda em Pinheiros,apartamento,residencial,aluguel,Pinheiros,zona_oeste,São Paulo,SP,7900.00,2,2,3,2,95,1220.00,3600.00,"Imóvel impecável na Rua dos Pinheiros, perto dos melhores bares e cafés da cidade. Duas suítes confortáveis com armários planejados, sala estendida e varanda gourmet integrada. Condomínio sofisticado com piscina de raia climatizada, academia completa e gerador full. Exclusividade, conforto e praticidade no bairro mais vibrante de São Paulo.","varanda_gourmet, duas_suites, metro_proximo, piscina_aquecida, portaria_24h",jovem_casal,true,https://images.unsplash.com/photo-1522708323590-d24dbb6b0267?w=800
134,Apartamento Espaçoso no Tatuapé,apartamento,residencial,aluguel,Tatuapé,zona_leste,São Paulo,SP,5800.00,3,2,3,2,105,1180.00,2900.00,"Apartamento de 3 quartos com 2 suítes em localização privilegiada no Tatuapé. Living amplo com varanda gourmet envidraçada, cozinha planejada moderna e dependência de serviço. Condomínio com infraestrutura completa: piscina, quadra, churrasqueira, playground e portaria 24h. Próximo aos melhores colégios e comércios da região leste.","varanda_gourmet, duas_suites, piscina, quadra, lazer_completo, portaria_24h",residencial_familia,true,https://images.unsplash.com/photo-1522708323590-d24dbb6b0267?w=800
135,Apartamento Moderno na Vila Olímpia,apartamento,residencial,aluguel,Vila Olímpia,zona_sul,São Paulo,SP,8200.00,2,1,2,2,82,1350.00,3800.00,"Apartamento contemporâneo semi-mobiliado com eletrodomésticos de primeira linha na Vila Olímpia. Ampla sala com terraço envidraçado, cozinha americana com ilha e quartos com armários sob medida. Edifício moderno com piscina aquecida, fitness center assinado, spa e portaria 24 horas com biometria. Perfeito para executivos que trabalham no polo corporativo da Faria Lima.","semi_mobiliado, terraço, piscina_aquecida, duas_vagas, portaria_24h",executivo,true,https://images.unsplash.com/photo-1522708323590-d24dbb6b0267?w=800
136,Apartamento Iluminado na Vila Mariana,apartamento,residencial,aluguel,Vila Mariana,zona_sul,São Paulo,SP,4900.00,2,1,2,1,70,810.00,2100.00,"Apartamento em andar intermediário com ótima iluminação natural a poucos minutos do Parque Ibirapuera. Living acolhedor para dois ambientes, sacada com vista arborizada e cozinha equipada. Condomínio dispõe de piscina, academia, salão de festas e portaria 24 horas presencial. O equilíbrio perfeito entre tranquilidade residencial e conveniência urbana.","parque_ibirapuera, sacada, piscina, academia, portaria_24h, pet_friendly",jovem_casal,true,https://images.unsplash.com/photo-1522708323590-d24dbb6b0267?w=800
137,Apartamento Reformado na Bela Vista,apartamento,residencial,aluguel,Bela Vista,centro,São Paulo,SP,3600.00,2,1,2,1,64,690.00,1400.00,"Apartamento totalmente reformado com conceito aberto e ar contemporâneo próximo à FGV e Av. 9 de Julho. Sala com integração para a cozinha americana, dois quartos arejados e banheiro moderno. Condomínio organizado com portaria 24 horas, bicicletário e espaço gourmet compartilhado. Ideal para estudantes de graduação ou jovens profissionais.","conceito_aberto, metro_proximo, fgv_proximo, portaria_24h, vaga_garagem",primeiro_imovel,true,https://images.unsplash.com/photo-1522708323590-d24dbb6b0267?w=800
138,Apartamento Familiar em Pinheiros,apartamento,residencial,aluguel,Pinheiros,zona_oeste,São Paulo,SP,11000.00,3,2,3,2,142,1850.00,5600.00,"Apartamento exclusivo de alto padrão em rua calma e arborizada de Pinheiros. Living amplo integrado com terraço gourmet, lavabo social e suíte máster com hidromassagem. Condomínio com piscina aquecida com raia, quadra de squash, academia profissional e portaria blindada 24h. Um refúgio de luxo e bem-estar no coração da Zona Oeste.","alto_padrao, terraco_gourmet, piscina_aquecida, quadra_squash, duas_vagas",residencial_familia,true,https://images.unsplash.com/photo-1522708323590-d24dbb6b0267?w=800
139,Apartamento Amplo em Perdizes,apartamento,residencial,aluguel,Perdizes,zona_oeste,São Paulo,SP,9500.00,3,3,4,3,148,1950.00,5200.00,"Excelente apartamento em Perdizes Nobre com 3 suítes completas e acabamentos impecáveis. Sala ampla com lareira ecológica, varanda gourmet integrada e vista livre para o vale. Condomínio imponente com bosque privativo, piscina, quadra poliesportiva e segurança armada 24 horas. O lar perfeito para famílias exigentes que não abrem mão de espaço e conforto.","alto_padrao, varanda_gourmet, tres_suites, tres_vagas, seguranca_24h",residencial_familia,true,https://images.unsplash.com/photo-1522708323590-d24dbb6b0267?w=800
140,Apartamento Alto Padrão em Moema,apartamento,residencial,aluguel,Moema,zona_sul,São Paulo,SP,14500.00,3,3,4,3,160,2200.00,7200.00,"Apartamento espetacular fora da rota de aviões em Moema Pássaros com 160m² privativos. Living com pé-direito imponente integrado à enorme varanda gourmet com churrasqueira. Condomínio com piscina aquecida com raia coberta, academia assinada, sauna e portaria blindada. Alto luxo, sofisticação e localização inquestionável próximo ao Ibirapuera.","alto_padrao, fora_da_rota, varanda_gourmet, piscina_coberta, tres_vagas",alto_padrao,true,https://images.unsplash.com/photo-1522708323590-d24dbb6b0267?w=800
141,Sobrado Charmoso em Perdizes,sobrado,residencial,aluguel,Perdizes,zona_oeste,São Paulo,SP,6500.00,3,1,3,2,150,350.00,3800.00,"Charmoso sobrado residencial em rua tranquila e arborizada nas Perdizes. Living amplo para dois ambientes com piso de madeira, quintal privativo nos fundos com churrasqueira e edícula. Três dormitórios confortáveis com armários embutidos e vaga para dois carros na garagem. Perfeito para famílias que desejam o aconchego de uma casa com segurança e comodidade urbana.","quintal, churrasqueira, edicula, duas_vagas, rua_tranquila",residencial_familia,true,https://images.unsplash.com/photo-1522708323590-d24dbb6b0267?w=800
142,Sobrado Tradicional na Mooca,sobrado,residencial,aluguel,Mooca,zona_leste,São Paulo,SP,4500.00,3,1,2,2,130,280.00,2400.00,"Sobrado clássico e muito bem conservado no bairro tradicional da Mooca. Dispõe de sala de estar espaçosa, copa-cozinha ampla, quintal arejado com área de serviço e churrasqueira. Garagem coberta com portão automático para dois veículos. Excelente vizinhança familiar próxima a escolas, padarias tradicionais e transporte público.","quintal_privativo, churrasqueira, duas_vagas, portao_automatico, bairro_tradicional",residencial_familia,true,https://images.unsplash.com/photo-1522708323590-d24dbb6b0267?w=800
143,Sobrado Aconchegante na Vila Mariana,sobrado,residencial,aluguel,Vila Mariana,zona_sul,São Paulo,SP,5900.00,3,1,3,1,120,320.00,3200.00,"Sobrado aconchegante em vila fechada com portão eletrônico próximo ao metrô Santa Cruz. Primeiro pavimento com sala de estar e jantar, lavabo, cozinha planejada e pequeno quintal com pergolado. Pavimento superior com três quartos iluminados e banheiro amplo. Viver o clima de interior com segurança e mobilidade incomparável na Zona Sul.","vila_fechada, metro_proximo, quintal, seguranca, residencial_familiar",residencial_familia,true,https://images.unsplash.com/photo-1522708323590-d24dbb6b0267?w=800
144,Sobrado Moderno no Tatuapé,sobrado,residencial,aluguel,Tatuapé,zona_leste,São Paulo,SP,5200.00,3,2,3,2,140,390.00,2900.00,"Lindo sobrado recém-reformado em condomínio fechado horizontal no Tatuapé. Living com piso em porcelanato, cozinha americana com bancada em granito e espaço gourmet privativo com churrasqueira. Conta com duas suítes no piso superior, sótão habitável e duas vagas de garagem. Condomínio com portaria 24 horas, piscina compartilhada e playground.","condominio_fechado, duas_suites, espaco_gourmet, piscina_condominio, portaria_24h",residencial_familia,true,https://images.unsplash.com/photo-1522708323590-d24dbb6b0267?w=800
145,Sobrado Amplo em Pinheiros,sobrado,residencial,aluguel,Pinheiros,zona_oeste,São Paulo,SP,8500.00,3,2,3,2,180,450.00,5100.00,"Sobrado imponente em rua arborizada no coração de Pinheiros, ideal tanto para moradia quanto uso misto. Sala de estar com lareira, sala de jantar integrada ao charmoso jardim de inverno e quintal arborizado. Três dormitórios sendo duas suítes amplas com ar-condicionado instalado. Próximo às estações Fradique Coutinho e Faria Lima.","jardim_inverno, quintal_arborizado, duas_suites, ar_condicionado, metro_proximo",executivo,true,https://images.unsplash.com/photo-1522708323590-d24dbb6b0267?w=800
146,Sobrado Compacto na Bela Vista,sobrado,residencial,aluguel,Bela Vista,centro,São Paulo,SP,3400.00,2,0,2,1,88,300.00,1500.00,"Charmoso sobrado em vila histórica restaurada no Bixiga, pertinho da Avenida Brigadeiro Luís Antônio. Sala acolhedora de estar, cozinha com armários rústicos e terraço superior aberto com área de serviço. Garagem para um carro com portão manual seguro. Excelente para jovens casais que buscam uma casa com identidade cultural e proximidade ao centro.","vila_historica, terraco, pet_friendly, vaga_garagem, centro_expandido",jovem_casal,true,https://images.unsplash.com/photo-1522708323590-d24dbb6b0267?w=800
147,Cobertura Duplex em Moema,cobertura,residencial,aluguel,Moema,zona_sul,São Paulo,SP,18500.00,3,3,4,3,210,2100.00,8900.00,"Espetacular cobertura duplex em Moema Pássaros com vista panorâmica de tirar o fôlego para o Parque do Ibirapuera. Piso superior com terraço aberto espetacular, piscina aquecida com deck de madeira e churrasqueira gourmet integrada. Piso inferior com amplo living social, três suítes completas com closets e acabamento em mármore travertino. Condomínio exclusivo com segurança armada 24 horas, gerador pleno e área fitness moderna.","cobertura_duplex, piscina_privativa, vista_ibirapuera, alto_padrao, tres_vagas, churrasqueira",alto_padrao,true,https://images.unsplash.com/photo-1522708323590-d24dbb6b0267?w=800
148,Cobertura Moderna em Pinheiros,cobertura,residencial,aluguel,Pinheiros,zona_oeste,São Paulo,SP,16000.00,2,2,3,2,165,1800.00,7400.00,"Cobertura duplex contemporânea com projeto assinado por arquiteto no coração pulsante de Pinheiros. Living com pé-direito duplo envidraçado, cozinha gourmet de ponta e terraço com ofurô e solarium. Duas suítes master com ar-condicionado central e acabamento primoroso em madeira maciça. Unidade temporariamente indisponível para visitações devido a reforma estética.","cobertura_duplex, pe_direito_duplo, ofuro, solarium, duas_vagas, metro_proximo",alto_padrao,false,https://images.unsplash.com/photo-1522708323590-d24dbb6b0267?w=800
149,Cobertura com Vista Panorâmica em Perdizes,cobertura,residencial,aluguel,Perdizes,zona_oeste,São Paulo,SP,14000.00,3,2,4,3,190,1950.00,7800.00,"Deslumbrante cobertura duplex nas Perdizes com vista 360 graus para a cidade. Amplo terraço descoberto com piscina privativa, espaço gourmet completo com forno de pizza e churrasqueira. Três dormitórios sendo duas suítes com armários planejados e sala íntima no pavimento superior. Edifício com lazer completo, quadra de tênis e portaria 24 horas blindada.","cobertura_duplex, piscina_privativa, forno_pizza, tres_vagas, portaria_blindada",alto_padrao,true,https://images.unsplash.com/photo-1522708323590-d24dbb6b0267?w=800
150,Cobertura Triplex na Vila Olímpia,cobertura,residencial,aluguel,Vila Olímpia,zona_sul,São Paulo,SP,24000.00,4,3,5,3,275,2200.00,9500.00,"Exclusiva cobertura triplex no ápice do luxo na Vila Olímpia, próxima ao Shopping JK Iguatemi e Faria Lima. Primeiro nível com living integrado e suítes, segundo nível com espaço gourmet e home theater, terceiro nível com rooftop, piscina com raia e lounge. Quatro vagas de garagem privativas com depósito fechado no subsolo. O auge do requinte e estilo de vida exclusivo para executivos de alto calibre.","cobertura_triplex, rooftop_privativo, piscina_privativa, home_theater, quatro_vagas, alto_padrao",alto_padrao,true,https://images.unsplash.com/photo-1522708323590-d24dbb6b0267?w=800
151,Sala Comercial Moderna na Vila Olímpia com Piso Elevado,sala_comercial,comercial,venda,Vila Olímpia,zona_sul,São Paulo,SP,480000.00,0,0,1,1,42,680.00,2400.00,"Excelente sala comercial pronta para uso na Vila Olímpia com piso elevado em ardósia e acabamento vinílico. Conta com ar condicionado split inverter instalado, forro modular com luminárias em LED e copa compacta. O edifício dispõe de recepção com controle de acesso biométrico, 4 elevadores inteligentes e estacionamento rotativo com manobrista para visitantes. Localização estratégica a poucos minutos da estação de trem Vila Olímpia.","piso_elevado, ar_condicionado, copa, recepcao, catracas_eletronicas, estacionamento_rotativo, fibra_optica",pequena_empresa,true,https://images.unsplash.com/photo-1497366216548-37526070297c?w=800
152,Conjunto Comercial no Itaim Bibi com Sacada e Vista Panorâmica,sala_comercial,comercial,venda,Itaim Bibi,zona_sul,São Paulo,SP,780000.00,0,0,2,2,65,1150.00,4200.00,"Sala corporativa de alto padrão no coração do Itaim Bibi com sacada envidraçada e vista aberta. Ambiente iluminado com piso em porcelanato, ar condicionado central e 2 banheiros privativos reformados. Prédio renomado com segurança patrimonial 24 horas, sala de convenções e heliponto homologado. Próximo aos melhores restaurantes da Rua Funchal e shopping JK Iguatemi.","ar_condicionado_central, sacada, porcelanato, heliponto, seguranca_24h, sala_de_reunioes, estacionamento_rotativo",pequena_empresa,true,https://images.unsplash.com/photo-1497366216548-37526070297c?w=800
153,Sala Comercial Compacta em Pinheiros Próxima ao Metrô Faria Lima,sala_comercial,comercial,venda,Pinheiros,zona_oeste,São Paulo,SP,360000.00,0,0,1,1,34,580.00,1800.00,"Conjunto comercial funcional e pronto para ocupação em Pinheiros a 300 metros da Estação Faria Lima do metrô. Possui ar condicionado split, pintura nova, interfone e banheiro privativo. Condomínio com portaria 24h, catracas eletrônicas e sala de reuniões compartilhada no mezanino. Excelente oportunidade tanto para uso próprio quanto para investidor em busca de renda de locação rápida.","proximo_ao_metro, ar_condicionado, interfone, portaria_24h, sala_de_reunioes, catracas_eletronicas",investidor_renda,true,https://images.unsplash.com/photo-1497366216548-37526070297c?w=800
154,Sala Comercial Espaçosa no Brooklin Novo com 2 Vagas,sala_comercial,comercial,venda,Brooklin,zona_sul,São Paulo,SP,890000.00,0,0,2,2,78,1350.00,4900.00,"Ampla sala comercial no Brooklin Novo com vão livre flexível para diversas configurações de estações de trabalho. Infraestrutura completa de telecomunicações com cabeamento estruturado e ar condicionado dutado. Edifício corporativo de classe A com auditório, cafeteria no térreo e gerador para áreas privativas e comuns. Acesso facilitado pela Avenida Engenheiro Luís Carlos Berrini.","piso_elevado, gerador, auditorio, cabeamento_estruturado, ar_condicionado_central, cafeteria, berrini",pequena_empresa,true,https://images.unsplash.com/photo-1497366216548-37526070297c?w=800
155,Sala Comercial na Bela Vista ao Lado da Avenida Paulista,sala_comercial,comercial,venda,Bela Vista,centro,São Paulo,SP,310000.00,0,0,1,1,32,540.00,1600.00,"Excelente sala comercial na Bela Vista a apenas duas quadras da Avenida Paulista e do Metrô Brigadeiro. Espaço bem iluminado naturalmente com piso laminado, luminárias embutidas e ar condicionado de janela. Prédio tradicional e bem administrado com portaria presencial e controle de acesso com catracas. Ideal para profissionais liberais, advogados e contadores.","proximo_paulista, proximo_ao_metro, portaria_presencial, catracas_eletronicas, fibra_optica",pequena_empresa,true,https://images.unsplash.com/photo-1497366216548-37526070297c?w=800
156,Conjunto Comercial no Tatuapé no Eixo Platina com Varanda,sala_comercial,comercial,venda,Tatuapé,zona_leste,São Paulo,SP,520000.00,0,0,1,1,45,720.00,2600.00,"Sala comercial moderna no Tatuapé inserida no moderno Polo Urbanístico Eixo Platina. Possui varanda técnica com ponto para ar condicionado split, piso nivelado pronto para receber acabamento e lavabo. Torre de última geração com mall de conveniência no térreo, salas de reunião pay-per-use e bicicletário com vestiário. Apenas 400 metros da Estação Tatuapé do metrô e shopping.","eixo_platina, proximo_ao_metro, varanda, salas_de_reuniao, bicicletario, seguranca_24h",pequena_empresa,true,https://images.unsplash.com/photo-1497366216548-37526070297c?w=800
157,Sala Comercial em Santana Próxima ao Metrô Jardim São Paulo,sala_comercial,comercial,venda,Santana,zona_norte,São Paulo,SP,285000.00,0,0,1,1,30,490.00,1350.00,"Excelente sala comercial na zona norte em Santana com localização privilegiada próxima ao Metrô Jardim São Paulo. Unidade com piso cerâmico, ar condicionado split instalado e copa com armários planejados. Edifício comercial consolidado com portaria 24 horas, interfone e estacionamento rotativo conveniado para clientes. Ótimo custo-benefício para quem busca independência profissional.","santana, ar_condicionado, copa_planejada, portaria_24h, estacionamento_rotativo, zona_norte",pequena_empresa,true,https://images.unsplash.com/photo-1497366216548-37526070297c?w=800
158,Sala Comercial em Moema Pássaros com Acabamento Premium,sala_comercial,comercial,venda,Moema,zona_sul,São Paulo,SP,630000.00,0,0,2,1,52,890.00,3100.00,"Conjunto comercial exclusivo em Moema Pássaros com fino acabamento e divisórias acústicas em vidro duplo. Espaço projetado para recepção privativa e sala de diretoria com iluminação dimerizável e piso em madeira nobre. Prédio elegante com recepção com pé-direito duplo, cafeteria gourmet e segurança armada. Próximo à estação Moema do metrô e Parque Ibirapuera.","moema_passaros, divisoria_vidro, isolamento_acustico, piso_madeira, seguranca_armada, metro_moema",pequena_empresa,true,https://images.unsplash.com/photo-1497366216548-37526070297c?w=800
159,Sala Comercial na Barra Funda Próxima ao Fórum Trabalhista,sala_comercial,comercial,venda,Barra Funda,zona_oeste,São Paulo,SP,410000.00,0,0,1,1,38,620.00,1950.00,"Sala comercial estrategicamente localizada na Barra Funda vizinha ao Fórum Trabalhista Ruy Barbosa e Fórum Criminal. Perfeita para escritórios de advocacia, perícias e consultoria jurídica com sala de espera e gabinete fechado. O condomínio oferece portaria com leitor facial, auditório modulável e vagas com manobrista. Fácil acesso às Marginais e transporte público integrado.","proximo_forum, barra_funda, biometria_facial, auditorio, ar_condicionado, manobrista",pequena_empresa,true,https://images.unsplash.com/photo-1497366216548-37526070297c?w=800
160,Conjunto Comercial em Santo Amaro com Terraço e Vista Aberta,sala_comercial,comercial,venda,Santo Amaro,zona_sul,São Paulo,SP,340000.00,0,0,1,1,36,530.00,1550.00,"Ótima sala comercial em Santo Amaro com amplo terraço privativo proporcionando excelente iluminação e ventilação natural. Ambiente com piso porcelanato claro, teto rebaixado em gesso e tubulação pronta para climatização split. Torre comercial moderna com gerador elétrico, segurança perimetral e estacionamento rotativo com valet. Excelente opção para investimento com retorno garantido de locação.","terraco, porcelanato, gesso_rebaixado, gerador, valet, proximo_ao_metro",investidor_renda,true,https://images.unsplash.com/photo-1497366216548-37526070297c?w=800
161,Sala Comercial Dupla na Vila Olímpia com Divisórias e Copa,sala_comercial,comercial,venda,Vila Olímpia,zona_sul,São Paulo,SP,960000.00,0,0,2,2,84,1420.00,5200.00,"Excelente conjunto corporativo na Vila Olímpia composto por duas salas unificadas com layout inteligente e moderno. Apresenta recepção espaçosa, duas salas privativas de atendimento, sala de reunião para 8 pessoas e copa montada. Condomínio corporativo premium com catracas eletrônicas integradas, gerador full e heliponto ativo. Ponto nobre próximo aos principais pólos de tecnologia e finanças da capital.","sala_reuniao, gerador_full, heliponto, copa_montada, piso_elevado, ar_condicionado",pequena_empresa,true,https://images.unsplash.com/photo-1497366216548-37526070297c?w=800
162,Sala Comercial Pronta no Brooklin com Piso Elevado e Luminárias,sala_comercial,comercial,venda,Brooklin,zona_sul,São Paulo,SP,590000.00,0,0,1,1,48,790.00,2800.00,"Sala comercial finamente acabada no Brooklin a poucos passos da Avenida Padre Antônio José dos Santos. Infraestrutura completa com piso elevado em aço galvanizado, forro acústico mineral e ar condicionado inverter instalado. Edifício moderno com certificação de eficiência energética, portaria 24 horas e sala de treinamentos. Pronta para início imediato de operações.","piso_elevado, forro_acustico, ar_condicionado_inverter, eficiencia_energetica, portaria_24h",pequena_empresa,true,https://images.unsplash.com/photo-1497366216548-37526070297c?w=800
163,Sala Comercial no Itaim Bibi com Sacada e Vista para a Faria Lima,sala_comercial,comercial,venda,Itaim Bibi,zona_sul,São Paulo,SP,920000.00,0,0,2,2,70,1280.00,4600.00,"Exclusiva sala comercial no Itaim Bibi com sacada privativa voltada para o skyline financeiro de São Paulo. Imóvel reformado com piso em porcelanato 80x80, ar condicionado split em todas as áreas e dois lavabos elegantes. Condomínio dispõe de recepção com concierge, sala de reuniões executiva para locação e serviço de manobrista. Alta liquidez e valorização patrimonial assegurada.","faria_lima, sacada, concierge, porcelanato, ar_condicionado, sala_executiva",investidor_renda,true,https://images.unsplash.com/photo-1497366216548-37526070297c?w=800
164,Sala Comercial Compacta em Pinheiros Ideal para Startup,sala_comercial,comercial,venda,Pinheiros,zona_oeste,São Paulo,SP,450000.00,0,0,1,1,39,670.00,2100.00,"Conjunto comercial descolado e moderno em Pinheiros próximo à Rua dos Pinheiros e praça de alimentação diversificada. Layout aberto estilo industrial com tubulação elétrica aparente, piso cimento queimado e ar condicionado cassete. O empreendimento conta com terraço lounge comunitário, lockers de encomendas e rede de fibra ótica de alta performance. Excelente escolha para startups e agências digitais.","estilo_industrial, cimento_queimado, fibra_optica, terraco_lounge, metro_fradique_coutinho",pequena_empresa,true,https://images.unsplash.com/photo-1497366216548-37526070297c?w=800
165,Sala Comercial Mobiliada no Tatuapé Próxima ao Metrô Carrão,sala_comercial,comercial,venda,Tatuapé,zona_leste,São Paulo,SP,495000.00,0,0,1,1,44,710.00,2350.00,"Sala comercial completamente mobiliada no Tatuapé com mesas ergométricas, cadeiras de alto padrão e armários embutidos. Ambiente pronto para ocupação imediata equipado com ar condicionado split, persianas solares e copa com frigobar. Edifício corporativo renomado na região leste com segurança 24 horas, catracas com reconhecimento facial e manobrista. Ideal para quem quer começar a trabalhar sem obras.","mobiliado, moveis_ergonomicos, ar_condicionado, biometria_facial, tatuape, estacionamento_rotativo",pequena_empresa,false,https://images.unsplash.com/photo-1497366216548-37526070297c?w=800
166,Sala Comercial no Centro Histórico na Bela Vista para Investimento,sala_comercial,comercial,venda,Bela Vista,centro,São Paulo,SP,240000.00,0,0,1,0,28,460.00,1200.00,"Oportunidade acessível de investimento em sala comercial compacta na Bela Vista próxima a teatros e hospitais. Imóvel reformado com pintura impecável, piso vinílico de alta resistência e luminárias de LED econômicas. Prédio seguro com portaria em horário integral, circuito fechado de TV e elevadores modernizados. Custo fixo condominial extremamente baixo garantindo excelente margem de rentabilidade líquida.","baixo_condominio, reformado, piso_vinilico, portaria_integral, bela_vista, investimento_barato",investidor_renda,true,https://images.unsplash.com/photo-1497366216548-37526070297c?w=800
167,Sala Comercial em Santana na Avenida Braz Leme com Varanda,sala_comercial,comercial,venda,Santana,zona_norte,São Paulo,SP,510000.00,0,0,1,1,46,690.00,2500.00,"Conjunto comercial de prestígio na nobre Avenida Braz Leme em Santana com ampla varanda e vista arborizada. Imóvel equipado com ar condicionado dual split, piso elevado em ardósia com carpete modular e forro acústico. Edifício classe A com cafeteria no lobby, estacionamento com serviço de valet e segurança 24 horas. Região nobre com agências bancárias, restaurantes e pista de caminhada.","braz_leme, varanda, piso_elevado, forro_acustico, cafeteria_lobby, manobrista",pequena_empresa,true,https://images.unsplash.com/photo-1497366216548-37526070297c?w=800
168,Conjunto Comercial em Moema Perto do Shopping Ibirapuera,sala_comercial,comercial,venda,Moema,zona_sul,São Paulo,SP,710000.00,0,0,2,2,58,980.00,3600.00,"Sala comercial espaçosa em Moema a apenas 3 minutos de caminhada do Shopping Ibirapuera e da Estação Eucaliptos. Apresenta recepção estruturada, sala principal ampla com iluminação zenital indireta e copa equipada com armários. Prédio de arquitetura contemporânea com controle de acesso digital, gerador e sala de reunião com recursos multimídia. Localização com altíssimo tráfego qualificado.","moema, shopping_ibirapuera, metro_eucaliptos, gerador, copa_equipada, multimidia",pequena_empresa,true,https://images.unsplash.com/photo-1497366216548-37526070297c?w=800
169,Sala Comercial na Barra Funda no Complexo Corporativo West Tower,sala_comercial,comercial,venda,Barra Funda,zona_oeste,São Paulo,SP,620000.00,0,0,2,1,54,880.00,3100.00,"Conjunto comercial em condomínio corporativo de referência na Barra Funda próximo ao Memorial da América Latina. Possui piso elevado com cabeamento de rede categoria 6, ar condicionado central e persianas sob medida. Complexo empresarial com praça de convivência, restaurantes integrados, academia corporativa e segurança 24h. Excelente integração rodoviária e ferroviária.","barra_funda, piso_elevado, cabo_cat6, ar_condicionado_central, academia, praca_convivencia",pequena_empresa,true,https://images.unsplash.com/photo-1497366216548-37526070297c?w=800
170,Sala Comercial em Santo Amaro no Eixo Chácara Santo Antônio,sala_comercial,comercial,venda,Santo Amaro,zona_sul,São Paulo,SP,440000.00,0,0,1,1,40,610.00,2150.00,"Sala comercial moderna em Santo Amaro situada no polo financeiro da Chácara Santo Antônio e Avenida das Nações Unidas. Conta com ar condicionado split instalado, piso laminado de alto tráfego e lavabo finamente acabado. Torre moderna com heliponto para pousos eventuais, auditório moderno e estacionamento conveniado. Perto da estação Granja Julieta da CPTM.","chacara_santo_antonio, heliponto, auditorio, ar_condicionado, cptm_granja_julieta",pequena_empresa,true,https://images.unsplash.com/photo-1497366216548-37526070297c?w=800
171,Escritório Corporativo na Vila Olímpia com Laje Inteira de 180m²,escritorio,comercial,venda,Vila Olímpia,zona_sul,São Paulo,SP,2450000.00,0,0,4,5,180,2950.00,14500.00,"Espetacular andar corporativo na Vila Olímpia projetado para sediar grandes operações ou sedes de empresas multinacionais. O imóvel possui piso elevado em placas metálicas, ar condicionado VRF de alta eficiência energética e copa refeitório estruturada. O edifício conta com portaria 24 horas blindada, gerador elétrico com capacidade para 100% da carga e heliponto ativo. Localizado no principal epicentro financeiro da cidade.","andar_corporativo, vrf, piso_elevado, gerador_total, heliponto, copa_refeitorio, seguranca_blindada",corporativo,true,https://images.unsplash.com/photo-1497366216548-37526070297c?w=800
172,Escritório Moderno no Itaim Bibi com Sala de Reunião Integrada,escritorio,comercial,venda,Itaim Bibi,zona_sul,São Paulo,SP,2100000.00,0,0,3,4,150,2400.00,11800.00,"Conjunto comercial corporativo no Itaim Bibi entregue com acabamentos de primeiríssima linha e acústica impecável. Contempla ampla recepção com balcão em mármore, sala de diretoria executiva, sala de reuniões multimídia e vão livre para 20 posições. Empreendimento AAA com auditório para convenções, heliponto homologado e serviço de manobrista rotativo. A passos da Avenida Brigadeiro Faria Lima.","corporativo_aaa, faria_lima, sala_de_reunioes, heliponto, auditorio, manobrista, vrf",corporativo,true,https://images.unsplash.com/photo-1497366216548-37526070297c?w=800
173,Escritório Amplo no Brooklin Novo com Vista Panorâmica para a Berrini,escritorio,comercial,venda,Brooklin,zona_sul,São Paulo,SP,1750000.00,0,0,3,3,135,2100.00,9500.00,"Escritório corporativo pronto para ocupação no Brooklin Novo com vista espetacular para a Avenida Berrini e Ponte Estaiada. Dispõe de piso elevado com carpete modular antiestático, cabeamento de dados estruturado e sistema central de refrigeração. Edifício comercial de prestígio com doca para carga e descarga, restaurante no mezanino e segurança monitorada por CFTV. Próximo à estação Berrini da CPTM.","berrini, ponte_estaiada, piso_elevado, doca, restaurante_interno, seguranca_cftv",corporativo,true,https://images.unsplash.com/photo-1497366216548-37526070297c?w=800
174,Escritório Open Space em Pinheiros com Design Industrial Sofisticado,escritorio,comercial,venda,Pinheiros,zona_oeste,São Paulo,SP,1480000.00,0,0,2,3,115,1850.00,8200.00,"Escritório conceito em Pinheiros com arquitetura aberta tipo loft industrial e laje em concreto aparente. Conta com 2 cabines acústicas individuais para chamadas telefônicas, sala de reunião formal envidraçada e copa gourmet integrada. Torre contemporânea com bicicletário equipado com chuveiros, cafeteria terceirizada e portaria com controle biométrico. Perfeito para agências de publicidade, fintechs e escritórios de arquitetura.","open_space, laje_aparente, cabine_acustica, bicicletario_com_chuveiro, pinheiros, biometria",corporativo,true,https://images.unsplash.com/photo-1497366216548-37526070297c?w=800
175,Escritório Corporativo no Tatuapé no Complexo Empresarial Eixo Platina,escritorio,comercial,venda,Tatuapé,zona_leste,São Paulo,SP,1320000.00,0,0,3,3,120,1900.00,7800.00,"Conjunto corporativo de ponta no Tatuapé no mais moderno complexo multiúso da zona leste. O imóvel conta com 3 banheiros privativos, copa estruturada, piso elevado preparado para cabeamento e ar condicionado split inverter. O edifício oferece auditório para até 120 pessoas, salas de conferência e acesso direto a um boulevard gastronômico. Localização nobre com rápido acesso à Radial Leste e Marginal Tietê.","eixo_platina, auditorio_120_lugares, boulevard_gastronomico, radial_leste, piso_elevado",corporativo,true,https://images.unsplash.com/photo-1497366216548-37526070297c?w=800
176,Escritório Duplex com Pé-Direito Duplo na Barra Funda,escritorio,comercial,venda,Barra Funda,zona_oeste,São Paulo,SP,1980000.00,0,0,4,4,165,2600.00,10400.00,"Exclusivo escritório duplex na Barra Funda com mezanino integrado e pé-direito duplo envidraçado de grande impacto visual. Piso superior reservado para diretoria e sala de reuniões, e pavimento inferior com vão livre e recepção monumental. Condomínio com estacionamento rotativo com manobrista, heliponto homologado e restaurante executivo. A poucos minutos do Allianz Parque e terminal multimodal Barra Funda.","duplex_comercial, pe_direito_duplo, mezanino, heliponto, manobrista, barra_funda",corporativo,true,https://images.unsplash.com/photo-1497366216548-37526070297c?w=800
177,Laje Corporativa Espaçosa em Santo Amaro com 220m² e 5 Vagas,escritorio,comercial,venda,Santo Amaro,zona_sul,São Paulo,SP,2650000.00,0,0,5,5,220,3400.00,16200.00,"Ampla laje corporativa em Santo Amaro pronta para receber grandes equipes e sedes regionais. Espaço flexível equipado com piso elevado de placas metálicas removíveis, forro termoacústico e sistema de ar condicionado central de alta performance. Edifício com controle de acesso rigoroso por catracas com torniquetes, gerador para todas as dependências e doca privativa. Fácil logística pela Marginal Pinheiros.","laje_corporativa, grande_porte, gerador_total, ar_condicionado_central, piso_elevado, doca",corporativo,true,https://images.unsplash.com/photo-1497366216548-37526070297c?w=800
178,Escritório Corporativo em Moema com 4 Salas e Recepção,escritorio,comercial,venda,Moema,zona_sul,São Paulo,SP,1250000.00,0,0,2,2,95,1650.00,6800.00,"Conjunto corporativo refinado em Moema dividido harmonicamente em recepção, 3 salas de trabalho executivas e sala de diretoria com lavabo privativo. Ambiente climatizado com ar condicionado split em todos os cômodos, piso em granito polido e iluminação embutida. Edifício comercial elegante com portaria 24 horas, sala de espera decorada e manobrista. Proximidade imediata da Avenida Ibirapuera.","moema, granito_polido, salas_executivas, portaria_24h, estacionamento_rotativo",corporativo,true,https://images.unsplash.com/photo-1497366216548-37526070297c?w=800
179,Escritório de Alto Padrão na Bela Vista Próximo ao Metrô Trianon-Masp,escritorio,comercial,venda,Bela Vista,centro,São Paulo,SP,1100000.00,0,0,2,2,92,1550.00,5900.00,"Escritório corporativo moderno na Bela Vista a apenas duas quadras do Masp e da Avenida Paulista. Espaço reformado com piso vinílico amadeirado, forro de gesso com sancas iluminadas e tubulação completa para ar condicionado. Prédio com 3 elevadores velozes, portaria com controle biométrico e auditório no térreo. Imóvel ideal para consultorias, advocacia corporativa e agências.","paulista, trianon_masp, piso_vinilico, ar_condicionado, auditorio, bela_vista",corporativo,true,https://images.unsplash.com/photo-1497366216548-37526070297c?w=800
180,Escritório Amplo em Santana com Copa e Sala de Treinamento,escritorio,comercial,venda,Santana,zona_norte,São Paulo,SP,980000.00,0,0,2,2,105,1450.00,5300.00,"Excelente escritório corporativo em Santana no coração comercial da zona norte de São Paulo. Imóvel subdividido em recepção, ampla sala operacional em vão livre, sala privativa de reunião e copa com refeitório. Torre com portaria 24 horas, sistema de segurança monitorado e estacionamento com manobrista. Próximo ao metrô Santana, terminal de ônibus e bancos.","santana, zona_norte, copa_refeitorio, sala_treinamento, portaria_24h, proximo_ao_metro",corporativo,true,https://images.unsplash.com/photo-1497366216548-37526070297c?w=800
181,Andar Corporativo Inteiro na Vila Olímpia com 260m² e 6 Vagas,escritorio,comercial,venda,Vila Olímpia,zona_sul,São Paulo,SP,3200000.00,0,0,6,6,260,4200.00,21500.00,"Extraordinária laje corporativa inteira na Vila Olímpia oferecendo total exclusividade e controle de acesso individual no andar. Planta ampla em vão livre permitindo layout 100% customizável com ar condicionado VRF de última geração e piso elevado metálico. Condomínio corporativo triplo A com certificação LEED, heliponto com sala vip e gerador redundante full. Ponto mais cobiçado da tecnologia e do mercado de capitais.","laje_inteira, leed, heliponto_vip, gerador_full, vrf, vila_olimpia, corporativo_aaa",corporativo,true,https://images.unsplash.com/photo-1497366216548-37526070297c?w=800
182,Escritório Corporativo no Itaim Bibi com Terraço Panorâmico,escritorio,comercial,venda,Itaim Bibi,zona_sul,São Paulo,SP,2850000.00,0,0,4,5,195,3100.00,17800.00,"Imponente escritório corporativo no Itaim Bibi com terraço privativo circundando todo o conjunto e vista privilegiada. Estrutura pronta com salas de reunião executivas em vidro acústico, piso elevado com acabamento em carpete belga e climatização inteligente. Prédio ícone corporativo com controle de acesso por catracas com reconhecimento facial, segurança armada e valet. Acesso facilitado pelas avenidas Juscelino Kubitschek e Santo Amaro.","terraco_panoramico, itaim_bibi, jk, carpete_belga, reconhecimento_facial, seguranca_armada",corporativo,true,https://images.unsplash.com/photo-1497366216548-37526070297c?w=800
183,Consultório Médico Montado na Bela Vista Próximo ao Hospital Sírio-Libanês,consultorio,comercial,venda,Bela Vista,centro,São Paulo,SP,580000.00,0,0,2,1,48,820.00,3100.00,"Consultório médico pronto e regulamentado conforme normas da Anvisa na Bela Vista ao lado do Hospital Sírio-Libanês e 9 de Julho. Apresenta recepção espaçosa com lavabo para pacientes, sala de atendimento com ponto de água extra, piso vinílico hospitalar e ar condicionado split. Edifício 100% voltado à área da saúde com elevador com capacidade para maca, descarte de resíduos hospitalares e gerador. Oportunidade inigualável para médicos e especialistas.","hospitalar_anvisa, sirio_libanes, elevador_com_maca, piso_vinilico_hospitalar, ponto_hidraulico_extra, descarte_infectante",saude_consultorio,true,https://images.unsplash.com/photo-1497366216548-37526070297c?w=800
184,Consultório Odontológico Completo em Moema com Ponto Hidráulico Extra,consultorio,comercial,venda,Moema,zona_sul,São Paulo,SP,720000.00,0,0,2,1,55,920.00,3600.00,"Excelente consultório em Moema projetado especificamente para odontologia ou estética avançada com tubulação embutida para ar comprimido e sucção. Conta com sala de espera confortável com TV embutida, sala de procedimentos ampla com ponto hidráulico e esgoto no piso e lavabo privativo. Condomínio com foco médico, portaria com controle biométrico e estacionamento rotativo com manobrista para pacientes. Localização nobre próxima à Alameda dos Maracatins.","odontologia, ponto_hidraulico_extra, tubulacao_ar_comprimido, moema, anvisa, valet_pacientes",saude_consultorio,true,https://images.unsplash.com/photo-1497366216548-37526070297c?w=800
185,Consultório Médico em Pinheiros no Complexo Medical Center,consultorio,comercial,venda,Pinheiros,zona_oeste,São Paulo,SP,890000.00,0,0,2,2,68,1120.00,4500.00,"Consultório moderno em Pinheiros situado em conceituado complexo médico e odontológico a 200m da Estação Oscar Freire. Imóvel com sala de triagem, consultório de exames com pia cirúrgica em aço inox, piso monolítico sem emendas e ar condicionado com filtro bacteriológico. Prédio com recepção central com triagem de pacientes, elevadores preparados para macas e descarte de lixo hospitalar certificado. Ponto médico consolidado e conceituado.","medical_center, oscar_freire, pia_cirurgica, elevador_maca, filtro_bacteriologico, pinheiros",saude_consultorio,true,https://images.unsplash.com/photo-1497366216548-37526070297c?w=800
186,Consultório em Santana Especializado para Fisioterapia e Pilates,consultorio,comercial,venda,Santana,zona_norte,São Paulo,SP,490000.00,0,0,2,1,50,750.00,2700.00,"Consultório espaçoso e arejado em Santana pronto para clínicas de fisioterapia, pilates clínico ou psicologia. O imóvel possui ampla sala de reabilitação com piso vinílico atérmico, consultório privativo para avaliações e recepção com banheiro acessível para PCD. Torre de saúde moderna com total acessibilidade por rampas e elevadores amplos, além de estacionamento rotativo. Localizado na principal via de acesso da zona norte.","fisioterapia, pilates_clinico, banheiro_pcd, acessibilidade_total, santana, zona_norte",saude_consultorio,true,https://images.unsplash.com/photo-1497366216548-37526070297c?w=800
187,Consultório Duplo no Tatuapé para Clínica Integrada,consultorio,comercial,venda,Tatuapé,zona_leste,São Paulo,SP,980000.00,0,0,3,2,76,1250.00,4800.00,"Espetacular espaço clínico no Tatuapé unificando duas salas em um layout completo para clínica multiprofissional. Possui 2 salas de atendimento médico independentes com pontos de água, ampla recepção para até 10 pessoas sentadas e sala de esterilização. Edifício com portaria 24 horas, elevador com no-break de segurança e vagas rotativas para clientes. Próximo ao Hospital São Luiz Anália Franco.","clinica_integrada, esterilizacao, analia_franco, tatuape, ponto_hidraulico_extra, recepcao_ampla",saude_consultorio,true,https://images.unsplash.com/photo-1497366216548-37526070297c?w=800
188,Consultório no Itaim Bibi com Sacada e Acabamento Clínico de Luxo,consultorio,comercial,venda,Itaim Bibi,zona_sul,São Paulo,SP,1450000.00,0,0,2,2,88,1680.00,7200.00,"Consultório de altíssimo padrão no Itaim Bibi perfeito para dermatologia, cirurgia plástica ou procedimentos estéticos premium. Totalmente reformado com piso em porcelanato acetinado antibacteriano, marcenaria planejada sob medida e lavatório cirúrgico com acionamento por pedal. Torre corporativa com serviço de manobrista, segurança com monitoramento por inteligência artificial e recepção com cafeteria. Localização prestigiosa e sofisticada.","dermatologia_estetica, itaim_bibi, acabamento_luxo, acionamento_pedal, porcelanato_antibacteriano, valet",saude_consultorio,true,https://images.unsplash.com/photo-1497366216548-37526070297c?w=800
189,Consultório Compacto na Vila Olímpia para Psicologia e Nutrição,consultorio,comercial,venda,Vila Olímpia,zona_sul,São Paulo,SP,420000.00,0,0,1,1,36,590.00,2100.00,"Charmoso consultório na Vila Olímpia com isolamento acústico especial nas paredes e portas garantindo total sigilo nos atendimentos. Imóvel decorado com móveis planejados, piso vinílico macio, iluminação aconchegante dimerizável e ar condicionado silencioso. Edifício comercial de prestígio com catracas eletrônicas, salas de espera coletivas confortáveis e manobrista no subsolo. Excelente oportunidade para psicólogos, terapeutas e nutricionistas.","psicologia, isolamento_acustico, nutricao, iluminacao_dimerizavel, vila_olimpia, conforto_acustico",saude_consultorio,true,https://images.unsplash.com/photo-1497366216548-37526070297c?w=800
190,Clínica Médica Ampla em Santo Amaro com 110m² e 3 Vagas,consultorio,comercial,venda,Santo Amaro,zona_sul,São Paulo,SP,1350000.00,0,0,4,3,110,1750.00,6900.00,"Espaço médico amplo em Santo Amaro estruturado para clínica de especialidades com 4 salas de atendimento completas com pias de higienização. Dispõe de sala de pequenos procedimentos ambulatoriais com revestimento cerâmico até o teto, recepção com balcão de triagem e sanitários adaptados. Prédio exclusivamente médico com elevador de maca, gerador hospitalar e área de descarte infectante. Acesso fácil pela Avenida Adolfo Pinheiro.","clinica_especialidades, santo_amaro, anvisa, elevador_maca, gerador_hospitalar, sanitarios_adaptados",saude_consultorio,true,https://images.unsplash.com/photo-1497366216548-37526070297c?w=800
191,Loja de Rua na Vila Olímpia com Vitrine Ampla e Alto Fluxo de Pedestres,loja,comercial,venda,Vila Olímpia,zona_sul,São Paulo,SP,2300000.00,0,0,2,2,130,0.00,9800.00,"Loja comercial de rua na Vila Olímpia posicionada em polo gastronômico e financeiro de intenso fluxo peatonal diário. Apresenta fachada imponente de 8 metros de vitrine em vidro temperado, vão livre térreo com pé-direito duplo e mezanino para escritório e estoque. Ponto comercial consolidado com excelente visibilidade e recuo frontal com 2 vagas de estacionamento para clientes. Rara oportunidade de imóvel comercial de rua livre de condomínio.","loja_de_rua, sem_condominio, vitrine_ampla, pe_direito_duplo, mezanino, alto_fluxo, vila_olimpia",varejo_comercio,true,https://images.unsplash.com/photo-1497366216548-37526070297c?w=800
192,Loja Comercial em Galeria no Itaim Bibi Próxima à Faria Lima,loja,comercial,venda,Itaim Bibi,zona_sul,São Paulo,SP,1200000.00,0,0,1,1,52,950.00,3800.00,"Charmosa loja comercial no Itaim Bibi instalada em conceituada galeria boutique próxima à Avenida Brigadeiro Faria Lima. Imóvel com acabamento fino, iluminação cênica com trilhos direcionais em LED, ar condicionado central e piso em cimento polido. A galeria conta com segurança 24h, zeladoria impecável e público fiel de altíssimo poder aquisitivo. Excelente ponto para boutiques de moda, joalherias ou óticas de nicho.","galeria_boutique, itaim_bibi, faria_lima, iluminacao_cenica, vitrine_elegante, seguranca_24h",varejo_comercio,true,https://images.unsplash.com/photo-1497366216548-37526070297c?w=800
193,Loja Comercial de Rua em Pinheiros na Rua Teodoro Sampaio,loja,comercial,venda,Pinheiros,zona_oeste,São Paulo,SP,3400000.00,0,0,3,0,190,0.00,13500.00,"Ponto comercial icônico em Pinheiros na Rua Teodoro Sampaio com um dos maiores tráfegos comerciais de calçada da cidade. Imóvel térreo amplo com piso cerâmico reforçado, portas de aço automáticas de enrolar e andar superior com salas de estoque e copa. Sem despesa de taxa de condomínio e com zoneamento comercial permissivo para múltiplos segmentos varejistas. Proximidade imediata da Estação Clínicas e Praça Benedito Calixto.","teodoro_sampaio, loja_de_rua, porta_automatica, alto_fluxo_pedestres, sem_condominio, pinheiros",varejo_comercio,true,https://images.unsplash.com/photo-1497366216548-37526070297c?w=800
194,Loja Comercial no Tatuapé com Vagas Frontais e Mezanino,loja,comercial,venda,Tatuapé,zona_leste,São Paulo,SP,1850000.00,0,0,2,3,125,0.00,7400.00,"Loja de rua moderna no Tatuapé com recuo frontal privativo para estacionamento de até 3 automóveis de clientes. Possui salão principal amplo com piso em porcelanato de alta durabilidade, mezanino metálico estruturado para escritório administrativo e copa. Fachada moderna em alumínio composto (ACM) com excelente visibilidade e testada ampla. Próxima às movimentadas ruas Tuiuti e Coelho Lisboa.","tatuape, vagas_frontais, mezanino, fachada_acm, sem_condominio, loja_de_rua",varejo_comercio,true,https://images.unsplash.com/photo-1497366216548-37526070297c?w=800
195,Loja de Shopping Mall em Moema Próxima à Praça de Alimentação,loja,comercial,venda,Moema,zona_sul,São Paulo,SP,980000.00,0,0,1,1,45,1800.00,4200.00,"Loja comercial posicionada no pavimento principal de shopping mall consolidado em Moema com fluxo cativo e qualificado. Imóvel em ótimo estado com vitrine de vidro sem moldura, ar condicionado dutado do próprio shopping e ponto para ligação de água e esgoto. O mall oferece estacionamento amplo para clientes, segurança patrimonial ininterrupta e intensa divulgação promocional periódica. Ponto consolidado há mais de uma década.","shopping_mall, moema, vitrine_vidro, fluxo_garantido, ar_dutado, estacionamento_amplo",varejo_comercio,false,https://images.unsplash.com/photo-1497366216548-37526070297c?w=800
196,Mega Loja Comercial na Barra Funda com 300m² e Estacionamento,loja,comercial,venda,Barra Funda,zona_oeste,São Paulo,SP,5800000.00,0,0,4,6,300,0.00,22000.00,"Imponente mega loja comercial de esquina na Barra Funda com testada de 25 metros em avenida de tráfego intenso. Salão térreo em vão livre com pé-direito de 6 metros, piso de concreto usinado polido de alta carga e mezanino executivo. Conta com pátio frontal de estacionamento exclusivo para 6 veículos, doca traseira para carga e descarga e vestiários para funcionários. Perfeita para concessionárias, pet centers, drogarias ou grandes redes de materiais.","mega_loja, esquina, pe_direito_6m, estacionamento_exclusivo, doca_carga, concreto_usinado, barra_funda",varejo_comercio,true,https://images.unsplash.com/photo-1497366216548-37526070297c?w=800
197,Loja Comercial em Santana no Calçadão Comercial com Mezanino,loja,comercial,venda,Santana,zona_norte,São Paulo,SP,1400000.00,0,0,2,0,95,0.00,5600.00,"Loja comercial de rua em Santana no principal calçadão de pedestres e comércio popular e de serviços da zona norte. Salão térreo com grande visibilidade comercial, porta de esteira motorizada e mezanino amplo para depósito de mercadorias e refeitório. Imóvel isento de condomínio com ligação elétrica trifásica pronta para equipamentos de alta potência. A poucos metros da estação Santana da Linha 1-Azul do metrô.","calcadao_santana, alto_fluxo, trifasico, mezanino_deposito, porta_motorizada, proximo_ao_metro",varejo_comercio,true,https://images.unsplash.com/photo-1497366216548-37526070297c?w=800
198,Terreno Comercial de Esquina em Santo Amaro para Concessionária ou Mall,terreno_comercial,comercial,venda,Santo Amaro,zona_sul,São Paulo,SP,6500000.00,0,0,1,6,750,0.00,18500.00,"Excelente terreno comercial de esquina em Santo Amaro com topografia totalmente plana e testada dupla de 30 metros por 25 metros. Zona mista e comercial permitindo construção de mall de conveniência, concessionária, supermercado ou edifício corporativo de médio porte. Localização de grande visibilidade com tráfego intenso de veículos e pedestres e infraestrutura completa com água, energia trifásica e asfalto. Excelente oportunidade para incorporadores e investidores.","terreno_esquina, topografia_plana, testada_dupla, zona_comercial, trifasico, santo_amaro",investidor_renda,true,https://images.unsplash.com/photo-1497366216548-37526070297c?w=800
199,Terreno Comercial na Barra Funda Próximo às Marginais para Galpão ou BTS,terreno_comercial,comercial,venda,Barra Funda,zona_oeste,São Paulo,SP,4800000.00,0,0,1,4,520,0.00,14200.00,"Terreno comercial estratégico na Barra Funda ideal para desenvolvimento de projeto Built to Suit (BTS), centro de distribuição urbano ou galpão comercial. Terreno 100% murado com solo compactado, portão largo para acesso de caminhões pesados e escritório de guarita existente. Localização privilegiada com conexão direta e desimpedida para a Marginal Tietê e Rodovia Castelo Branco. Documentação 100% regularizada e desimpedida para transferência imediata.","built_to_suit, bts, marginal_tiete, logistica_urbana, solo_compactado, barra_funda",corporativo,true,https://images.unsplash.com/photo-1497366216548-37526070297c?w=800
200,Terreno Comercial no Brooklin Próximo à Berrini para Torre Corporativa,terreno_comercial,comercial,venda,Brooklin,zona_sul,São Paulo,SP,13500000.00,0,0,1,6,1100,0.00,22000.00,Raríssimo terreno comercial de grande porte no Brooklin Novo situado no raio nobre de influência da Avenida Engenheiro Luís Carlos Berrini. Topografia favorável com testada de 28 metros e zoneamento de alta densidade construtiva voltado para torres corporativas ou complexos multiúso. Região dotada da mais alta valorização imobiliária corporativa da América Latina cercada pelas principais multinacionais do país. Imóvel desocupado com estudo de massa e viabilidade arquitetônica disponível.,"grande_porte, berrini, alta_densidade, estudo_de_viabilidade, brooklin_novo, corporativo_aaa",corporativo,true,https://images.unsplash.com/photo-1497366216548-37526070297c?w=800
201,Sala Comercial Moderna no Itaim Bibi,sala_comercial,comercial,aluguel,Itaim Bibi,zona_sul,São Paulo,SP,3800.00,0,0,1,1,45.0,750.00,2400.00,"Excelente sala comercial com layout flexível e ótima iluminação natural. Conta com piso elevado em ardósia, ar condicionado split instalado e forro modular com luminárias em led. O edifício dispõe de portaria com controle de acesso biométrico, sala de reuniões compartilhada e gerador para áreas comuns. Localização estratégica próxima à Avenida Faria Lima e cercada por renomados restaurantes.","ar_condicionado, piso_elevado, forro_modular, portaria_24h, gerador, proximo_faria_lima",pequena_empresa,true,https://images.unsplash.com/photo-1497215728101-856f4ea42174?w=800
202,Conjunto Comercial Pronto em Pinheiros,sala_comercial,comercial,aluguel,Pinheiros,zona_oeste,São Paulo,SP,3200.00,0,0,1,1,38.0,680.00,2100.00,"Conjunto corporativo pronto para ocupação com fino acabamento. Ambiente com cabeamento de rede estruturado, ar condicionado inverter e piso vinílico de alta resistência. Prédio moderno com recepção bilíngue, auditório climatizado e serviço de valente no estacionamento. Situado a poucos metros da estação Fradique Coutinho do metrô.","ar_inverter, cabeamento_rede, piso_vinilico, auditorio, proximo_metro, recepcao",pequena_empresa,true,https://images.unsplash.com/photo-1497215728101-856f4ea42174?w=800
203,Sala Executiva em Moema Pássaros,sala_comercial,comercial,aluguel,Moema,zona_sul,São Paulo,SP,4300.00,0,0,2,1,52.0,890.00,2800.00,"Espaço corporativo diferenciado dividido em recepção e ampla sala de diretoria. Infraestrutura completa com dois lavabos reformados, copa de apoio e ar condicionado central. Condomínio com segurança 24 horas, sala de convenções e catracas eletrônicas integradas. Região nobre com ampla oferta de serviços, bancos e fácil acesso ao aeroporto de Congonhas.","ar_central, copa, recepcao, seguranca_24h, sala_reunioes, proximo_aeroporto",pequena_empresa,true,https://images.unsplash.com/photo-1497215728101-856f4ea42174?w=800
204,Sala Compacta e Funcional na Bela Vista,sala_comercial,comercial,aluguel,Bela Vista,centro,São Paulo,SP,1600.00,0,0,1,0,30.0,450.00,1100.00,"Sala compacta ideal para profissionais autônomos ou startups em início de operação. Ambiente arejado com janelas amplas, piso laminado e instalação elétrica renovada. Condomínio tradicional com elevadores modernizados e portaria com controle de identificação. Excelente custo-benefício próximo à Avenida Brigadeiro Luís Antônio e aos hospitais centrais.","baixo_condominio, piso_laminado, portaria, proximo_hospitais, iluminacao_natural",pequena_empresa,true,https://images.unsplash.com/photo-1497215728101-856f4ea42174?w=800
205,Conjunto Comercial na Consolação Próximo à Paulista,sala_comercial,comercial,aluguel,Consolação,centro,São Paulo,SP,2200.00,0,0,1,1,35.0,520.00,1350.00,"Conjunto com localização privilegiada a apenas dois quarteirões da Avenida Paulista. Conta com divisória acústica em drywall, ar condicionado split e piso cerâmico claro. Edifício seguro com monitoramento por câmeras, portaria 24h e cafeteria no térreo. Acesso rápido ao metrô Paulista e Higienópolis-Mackenzie com facilidade de transporte público.","ar_condicionado, divisoria_acustica, portaria_24h, proximo_paulista, metro_proximo",pequena_empresa,true,https://images.unsplash.com/photo-1497215728101-856f4ea42174?w=800
206,Sala Comercial em Prédio Empresarial em Santana,sala_comercial,comercial,aluguel,Santana,zona_norte,São Paulo,SP,1900.00,0,0,1,1,42.0,490.00,1200.00,"Ampla sala comercial em andar intermediário com vista panorâmica da zona norte. Possui teto rebaixado em gesso com spots de led, copa compacta privativa e ar condicionado. Prédio empresarial estruturado com estacionamento rotativo para clientes, auditório e segurança armada. Localizada junto ao polo comercial da Rua Voluntários da Pátria e metrô Santana.","estacionamento_rotativo, ar_condicionado, teto_gesso, auditorio, seguranca_24h, polo_comercial",pequena_empresa,true,https://images.unsplash.com/photo-1497215728101-856f4ea42174?w=800
207,Conjunto Comercial no Centro Empresarial Tatuapé,sala_comercial,comercial,aluguel,Tatuapé,zona_leste,São Paulo,SP,2600.00,0,0,1,1,48.0,580.00,1600.00,"Espaço de trabalho moderno com vista aberta em um dos melhores edifícios do Tatuapé. Layout flexível em vão livre com piso porcelanato e preparação para cabeamento estruturado sob canaletas. Condomínio com heliponto homologado, salas de treinamento e recepção informatizada. Ao lado do Shopping Metrô Tatuapé com excelente infraestrutura ao redor.","vao_livre, porcelanato, heliponto, sala_treinamento, proximo_shopping, recepcao_informatizada",pequena_empresa,true,https://images.unsplash.com/photo-1497215728101-856f4ea42174?w=800
208,Sala Corporativa de Alto Padrão na Vila Olímpia,sala_comercial,comercial,aluguel,Vila Olímpia,zona_sul,São Paulo,SP,6200.00,0,0,2,2,65.0,1200.00,3900.00,"Sala comercial premium com acabamentos de primeiro escalão e vista para a Funchal. Dispõe de piso elevado com revestimento vinílico, ar condicionado central VRF e forro mineral acústico. Empreendimento corporativo Triple A com certificação green building, bicicletário e vestiário. Região com concentração de empresas multinacionais e tecnologia de ponta.","triple_a, piso_elevado, ar_vrf, forro_mineral, certificacao_verde, bicicletario",pequena_empresa,true,https://images.unsplash.com/photo-1497215728101-856f4ea42174?w=800
209,Conjunto Comercial no Morumbi Próximo à Berrini,sala_comercial,comercial,aluguel,Morumbi,zona_sul,São Paulo,SP,5400.00,0,0,2,2,75.0,1100.00,3400.00,"Conjunto comercial espaçoso com duas vagas privativas em edifício imponente. Espaço dividido em sala de reunião envidraçada, salão operacional e duas copas de apoio. O complexo oferece praça de convivência arborizada, restaurantes internos e controle de acesso com reconhecimento facial. Acesso facilitado pelas pontes Morumbi e Estaiada.","reuniao_vidro, ar_condicionado, reconhecimento_facial, seguranca_24h, vaga_dupla, restaurante_interno",pequena_empresa,true,https://images.unsplash.com/photo-1497215728101-856f4ea42174?w=800
210,Sala Comercial Compacta no Itaim Bibi,sala_comercial,comercial,aluguel,Itaim Bibi,zona_sul,São Paulo,SP,2900.00,0,0,1,1,32.0,620.00,1800.00,"Imóvel comercial moderno com excelente aproveitamento de espaço em rua nobre do Itaim. Equipado com ar condicionado split, persianas solares blackout e piso laminado vinílico. Edifício com portaria 24 horas, zeladoria atenta e garagem com manobrista. Perfeito para consultoria, marketing ou prestação de serviços especializados.","persiana_solar, ar_condicionado, piso_vinilico, manobrista, portaria_24h",pequena_empresa,false,https://images.unsplash.com/photo-1497215728101-856f4ea42174?w=800
211,Conjunto Empresarial em Pinheiros com Varanda,sala_comercial,comercial,aluguel,Pinheiros,zona_oeste,São Paulo,SP,4900.00,0,0,2,1,58.0,950.00,3100.00,"Sala comercial diferenciada com agradável varanda técnica e excelente ventilação natural. Apresenta divisórias modulares em vidro temperado, luminárias dimerizáveis em led e dois banheiros privativos. Edifício inovador com cafeteria, gerador total de energia e controle digital de acesso. Próximo à Praça Benedito Calixto e com fácil integração com ciclofaixas.","varanda, divisoria_vidro, led_dimerizavel, gerador_total, cafeteria, proximo_praca",pequena_empresa,true,https://images.unsplash.com/photo-1497215728101-856f4ea42174?w=800
212,Sala Comercial com Design Moderno em Moema,sala_comercial,comercial,aluguel,Moema,zona_sul,São Paulo,SP,3400.00,0,0,1,1,40.0,710.00,2200.00,"Conjunto comercial pronto para uso com pintura nova e marcenaria de apoio integrada. Possui ar condicionado inverter instalado, piso em porcelanato polido e fechadura biométrica na entrada. Condomínio inteligente com aplicativo de gestão de visitantes e sala de conferências. Excelente localização fora da rota de trânsito pesado e próxima à estação Moema.","fechadura_biometrica, ar_inverter, porcelanato, conferencia, proximo_metro",pequena_empresa,true,https://images.unsplash.com/photo-1497215728101-856f4ea42174?w=800
213,Sala Comercial Acessível na Bela Vista,sala_comercial,comercial,aluguel,Bela Vista,centro,São Paulo,SP,1500.00,0,0,1,0,28.0,380.00,950.00,"Sala com excelente custo operacional no bairro da Bela Vista. Possui iluminação embutida em led, piso de cerâmica e instalação hidráulica para pequena pia. Condomínio com taxa baixa, portaria diurna e controle por interfone eletrônico. Ideal para pequenos escritórios contábeis, advocacia ou representação comercial.","baixo_custo, led_embutido, interfone, iluminacao_natural, economico",pequena_empresa,true,https://images.unsplash.com/photo-1497215728101-856f4ea42174?w=800
214,Conjunto Amplo para Negócios na Consolação,sala_comercial,comercial,aluguel,Consolação,centro,São Paulo,SP,3100.00,0,0,1,1,50.0,640.00,1900.00,"Conjunto comercial espaçoso em vão livre permitindo múltiplas configurações de estações de trabalho. Conta com piso de madeira restaurado, ar condicionado split e banheiro privativo com ventilação direta. Edifício com portaria 24 horas e elevadores rápidos modernizados. Em frente a corredor de ônibus com conectividade facilitada com toda a capital.","vao_livre, piso_madeira, ar_condicionado, portaria_24h, corredor_onibus",pequena_empresa,true,https://images.unsplash.com/photo-1497215728101-856f4ea42174?w=800
215,Sala Comercial com Sacada em Santana,sala_comercial,comercial,aluguel,Santana,zona_norte,São Paulo,SP,2800.00,0,0,2,1,60.0,600.00,1750.00,"Excelente espaço corporativo com sacada privativa e excelente luminosidade em Santana. Composto por ampla recepção, duas salas reservadas e copa para refeições rápidas. Empreendimento comercial com recepção imponente, vagas para visitantes e vigilância patrimonial contínua. Localizado próximo ao Shopping Center Norte e vias marginais.","sacada_privativa, duas_salas, recepcao, seguranca_patrimonial, proximo_shopping",pequena_empresa,true,https://images.unsplash.com/photo-1497215728101-856f4ea42174?w=800
216,Sala Corporativa no Polo Financeiro do Tatuapé,sala_comercial,comercial,aluguel,Tatuapé,zona_leste,São Paulo,SP,3900.00,0,0,2,2,70.0,790.00,2500.00,"Sala comercial espaçosa em torre empresarial de alto padrão com infraestrutura completa. Piso elevado com acabamento vinílico, dutos elétricos instalados e forro termoacústico mineral. Condomínio com centro de convenções, cafeteria exclusiva e gerador para áreas operacionais. Localização nobre ao lado dos principais bancos e cartórios da região leste.","piso_elevado, forro_mineral, centro_convencoes, gerador, polo_financeiro, duas_vagas",pequena_empresa,true,https://images.unsplash.com/photo-1497215728101-856f4ea42174?w=800
217,Conjunto Executivo de Alto Padrão na Vila Olímpia,sala_comercial,comercial,aluguel,Vila Olímpia,zona_sul,São Paulo,SP,7800.00,0,0,2,2,80.0,1450.00,4800.00,"Imóvel corporativo de altíssimo padrão com layout moderno e funcional. Apresenta sistema de ar condicionado central automatizado, isolamento termoacústico nas janelas e piso elevado. Condomínio classe A com heliponto, controle de acesso por reconhecimento óptico e auditório modular. Situado no coração financeiro da Vila Olímpia com fácil acesso às marginais.","heliponto, automacao, ar_central, isolamento_acustico, piso_elevado, classe_a",pequena_empresa,true,https://images.unsplash.com/photo-1497215728101-856f4ea42174?w=800
218,Conjunto Comercial Funcional no Morumbi,sala_comercial,comercial,aluguel,Morumbi,zona_sul,São Paulo,SP,2700.00,0,0,1,1,44.0,590.00,1650.00,"Sala comercial bem distribuída com iluminação natural abundante durante todo o dia. Dispõe de piso em porcelanato cinza, ar condicionado split e lavabo com bancada em granito. O condomínio oferece portaria com recepção controlada, segurança 24 horas e elevadores com tecnologia inteligente. Localizada perto da Ponte do Morumbi e grandes polos de negócios.","ar_condicionado, porcelanato, portaria_24h, elevador_inteligente, facil_acesso",pequena_empresa,true,https://images.unsplash.com/photo-1497215728101-856f4ea42174?w=800
219,Sala Corporativa com Acabamento Nobre no Itaim Bibi,sala_comercial,comercial,aluguel,Itaim Bibi,zona_sul,São Paulo,SP,5800.00,0,0,2,2,62.0,1150.00,3600.00,"Espaço executivo em edifício corporativo com fachada espelhada de grande prestígio. Totalmente climatizado com ar central, piso elevado revestido em carpete corporativo e forro acústico importado. Edifício com serviço de manobrista, segurança perimetral monitorada e salas de reunião compartilhadas. Endereço conceituado a passos das principais sedes financeiras do país.","fachada_espelhada, piso_elevado, ar_central, carpete_corporativo, manobrista, seguranca",pequena_empresa,true,https://images.unsplash.com/photo-1497215728101-856f4ea42174?w=800
220,Sala Comercial Pronta para Agência em Pinheiros,sala_comercial,comercial,aluguel,Pinheiros,zona_oeste,São Paulo,SP,3900.00,0,0,1,1,46.0,740.00,2350.00,"Conjunto comercial moderno com iluminação de trilho estilizada e atmosfera criativa. Conta com cabeamento de dados cat6, ar condicionado split inverter e copa funcional. Condomínio com praça interna de descompressão, bicicletário e portaria presencial com controle de visitantes. Perto da estação Pinheiros da CPTM e do metrô Amarela.","estilo_industrial, ilumicacao_trilho, cabeamento_cat6, ar_inverter, praca_interna, metro_pinheiros",pequena_empresa,true,https://images.unsplash.com/photo-1497215728101-856f4ea42174?w=800
221,Conjunto Empresarial Espaçoso em Moema,sala_comercial,comercial,aluguel,Moema,zona_sul,São Paulo,SP,5600.00,0,0,2,2,68.0,1080.00,3500.00,"Amplo conjunto comercial dividido em três ambientes funcionais e recepção acolhedora. Equipado com ar condicionado split em todas as salas, forro rebaixado em gesso e dois banheiros sociais. Condomínio com segurança 24h, gerador para áreas estratégicas e duas vagas cobertas e demarcadas. Excelente ponto em Moema Índios com cafés, cartórios e correios ao lado.","tres_ambientes, ar_condicionado, duas_vagas, gesso_rebaixado, gerador, seguranca_24h",pequena_empresa,true,https://images.unsplash.com/photo-1497215728101-856f4ea42174?w=800
222,Sala Comercial Próxima ao Metrô Higienópolis na Consolação,sala_comercial,comercial,aluguel,Consolação,centro,São Paulo,SP,2400.00,0,0,1,1,36.0,540.00,1400.00,"Sala compacta e elegante com piso laminado novo e pintura em tons neutros. Já possui ar condicionado instalado, interfonia inteligente e copa privativa com armários. Edifício seguro com controle de catracas eletrônicas e portaria física 24 horas. Localização prática com facilidade de locomoção e proximidade a universidades e centros culturais.","ar_condicionado, copa_planejada, portaria_24h, proximo_metro, catraca_eletronica",pequena_empresa,true,https://images.unsplash.com/photo-1497215728101-856f4ea42174?w=800
223,Consultório Médico Pronto no Polo da Bela Vista,consultorio,comercial,aluguel,Bela Vista,centro,São Paulo,SP,3200.00,0,0,2,1,45.0,780.00,2200.00,"Consultório adaptado para área médica e de saúde em conformidade com as normas da Anvisa. Possui piso vinílico hospitalar lavável, dois pontos de água corrente e sala de espera privativa climatizada. Edifício especializado com descarte de lixo hospitalar, elevador para maca e recepção central para pacientes. Situado próximo ao Hospital Sírio-Libanês e Hospital Nove de Julho.","norma_anvisa, piso_hospitalar, elevador_maca, lixo_infectante, proximo_hospitais, ar_condicionado",saude_consultorio,true,https://images.unsplash.com/photo-1497215728101-856f4ea42174?w=800
224,Consultório Odontológico Montado em Moema,consultorio,comercial,aluguel,Moema,zona_sul,São Paulo,SP,4600.00,0,0,2,1,55.0,920.00,2900.00,"Espaço clínico ideal para odontologia ou estética avançada com tubulação embutida para compressor. Dispõe de sala de esterilização dedicada, consultório principal espaçoso e sala de recepção elegante. Condomínio médico de alto padrão com serviço de manobrista para pacientes e portaria 24 horas. Localização privilegiada com fácil estacionamento e acesso ao metrô Eucaliptos.","odontologia, esterilizacao, tubulacao_compressor, manobrista, recepcao_pacientes, ar_condicionado",saude_consultorio,true,https://images.unsplash.com/photo-1497215728101-856f4ea42174?w=800
225,Clínica Médica e Terapêutica em Pinheiros,consultorio,comercial,aluguel,Pinheiros,zona_oeste,São Paulo,SP,5400.00,0,0,2,2,62.0,1050.00,3300.00,"Consultório amplo pronto para atendimento multidisciplinar de saúde, psicologia ou fisioterapia. Acabamento de primeira linha com piso térmico, iluminação cênica suave e tratamento acústico nas portas e divisórias. Torre de saúde moderna com acessibilidade total, sanitários adaptados PNE e controle de entrada biométrico. A três minutos do Hospital das Clínicas e Metrô Oscar Freire.","isolamento_acustico, acessibilidade_pne, piso_termico, saude_multidisciplinar, proximo_hc",saude_consultorio,true,https://images.unsplash.com/photo-1497215728101-856f4ea42174?w=800
226,Consultório de Especialidades no Itaim Bibi,consultorio,comercial,aluguel,Itaim Bibi,zona_sul,São Paulo,SP,7500.00,0,0,2,2,78.0,1380.00,4600.00,"Espaço médico de alto luxo pronto para cirurgias ambulatoriais e consultas de especialistas. Possui duas salas de exames privativas, antessala de acolhimento e bancadas em Corian com pias cirúrgicas. Edifício médico renomado com elevador com gerador dedicado e equipe de recepção altamente treinada. No melhor quadrilátero médico e executivo do Itaim Bibi.","alto_luxo, pia_cirurgica, bancada_corian, gerador_hospitalar, recepcao_treinada, itaim_bibi",saude_consultorio,true,https://images.unsplash.com/photo-1497215728101-856f4ea42174?w=800
227,Consultório Compacto em Prédio Médico em Santana,consultorio,comercial,aluguel,Santana,zona_norte,São Paulo,SP,2300.00,0,0,1,1,38.0,510.00,1300.00,"Consultório formatado para atendimento individual de psicologia, fonoaudiologia ou nutrição. Dispõe de piso vinílico, ar condicionado split silencioso e interfone direto com a portaria. Edifício com alvará da vigilância sanitária, banheiros externos para visitantes em todos os pavimentos e portaria diurna. Fácil acesso pelo terminal de ônibus e estação de metrô Santana.","vigilancia_sanitaria, ar_silencioso, piso_vinilico, atendimento_individual, proximo_terminal",saude_consultorio,true,https://images.unsplash.com/photo-1497215728101-856f4ea42174?w=800
228,Consultório de Psicologia e Terapia no Tatuapé,consultorio,comercial,aluguel,Tatuapé,zona_leste,São Paulo,SP,3600.00,0,0,2,1,50.0,720.00,2100.00,"Excelente espaço clínico aconchegante com isolamento acústico reforçado nas paredes e portas. Apresenta antessala para recepcionista, duas salas de atendimento individual e lavabo privativo. Condomínio com portaria 24 horas, acessibilidade universal e circuito fechado de televisão. Situado em rua tranquila e de prestígio no bairro do Tatuapé.","isolamento_acustico, acolhedor, antessala, acessibilidade, seguranca_24h, tatuape",saude_consultorio,true,https://images.unsplash.com/photo-1497215728101-856f4ea42174?w=800
229,Consultório Médico na Consolação Próximo ao Mackenzie,consultorio,comercial,aluguel,Consolação,centro,São Paulo,SP,2900.00,0,0,1,1,42.0,650.00,1750.00,"Consultório com infraestrutura completa para atendimento clínico, dermatologia ou pediatria. Conta com acabamentos de fácil higienização, ar condicionado de alto rendimento e iluminação em led. Edifício com funcionamento estendido, rampas de acesso e segurança monitorada. Perto do metrô e com facilidade de estacionamento para clientes e pacientes.","facil_higienizacao, ar_condicionado, rampa_acesso, funcionamento_estendido, metro_proximo",saude_consultorio,true,https://images.unsplash.com/photo-1497215728101-856f4ea42174?w=800
230,Clínica de Estética e Saúde na Vila Olímpia,consultorio,comercial,aluguel,Vila Olímpia,zona_sul,São Paulo,SP,8500.00,0,0,3,2,95.0,1650.00,5400.00,"Excepcional conjunto para clínica médica ou centro de estética integrada com três consultórios completos. Estruturado com copa completa, vestiário para funcionários, depósito de materiais e ar condicionado central. Prédio de última geração com gerador pleno, valet no local e portaria blindada. Ponto exclusivo com alta renda na Vila Olímpia.","tres_consultorios, estetica_avancada, ar_central, vestiario_equipe, gerador_pleno, valet",saude_consultorio,false,https://images.unsplash.com/photo-1497215728101-856f4ea42174?w=800
231,Consultório Médico Integrado no Morumbi,consultorio,comercial,aluguel,Morumbi,zona_sul,São Paulo,SP,4900.00,0,0,2,2,68.0,980.00,3000.00,"Espaço de atendimento em saúde com layout planejado para consultório médico e sala de procedimentos leves. Conta com piso porcelanato acetinado, iluminação embutida e infraestrutura para ar condicionado multisplit. Edifício comercial de prestígio com ampla recepção, auditório e estacionamento privativo. Em frente ao Hospital Albert Einstein Morumbi com altíssima visibilidade profissional.","em_frente_einstein, sala_procedimentos, porcelanato, estacionamento_privativo, auditorio",saude_consultorio,true,https://images.unsplash.com/photo-1497215728101-856f4ea42174?w=800
232,Consultório de Apoio Clínico na Bela Vista,consultorio,comercial,aluguel,Bela Vista,centro,São Paulo,SP,2200.00,0,0,1,1,32.0,480.00,1200.00,"Espaço compacto pronto para profissionais de saúde com acabamento neutro e funcional. Possui pia em inox cirúrgico, piso cerâmico claro de fácil limpeza e ar condicionado instalado. Condomínio com portaria diurna, elevadores bem cuidados e baixo custo mensal de manutenção. Próximo às clínicas da região central e pontos de transporte público.","pia_cirurgica, facil_limpeza, baixo_condominio, ar_condicionado, central",saude_consultorio,true,https://images.unsplash.com/photo-1497215728101-856f4ea42174?w=800
233,Andar Corporativo Moderno na Vila Olímpia,escritorio,comercial,aluguel,Vila Olímpia,zona_sul,São Paulo,SP,14500.00,0,0,4,4,140.0,2500.00,8800.00,"Amplo escritório corporativo com excelente layout para empresas de tecnologia e finanças. Composto por salão operacional amplo, três salas de diretoria envidraçadas e copa completa. O edifício oferece heliponto, controle de acesso biométrico de última geração e gerador de energia para áreas privativas. A poucos passos da Estação Vila Olímpia da CPTM e do Shopping JK Iguatemi.","andar_corporativo, heliponto, gerador_privativo, controle_biometrico, estacao_cptm, copa_completa",corporativo,true,https://images.unsplash.com/photo-1497215728101-856f4ea42174?w=800
234,Laje Corporativa de Alto Padrão no Itaim Bibi,escritorio,comercial,aluguel,Itaim Bibi,zona_sul,São Paulo,SP,22000.00,0,0,5,6,200.0,3400.00,14500.00,"Magnífico escritório corporativo com piso elevado em aço, forro mineral acústico e iluminação técnica em led. Estruturado com cabeamento de rede redundante, sala de servidor dedicada com ar de precisão e cinco lavabos. Prédio com padrão Triple A corporativo, recepção bilíngue, segurança 24 horas armada e sistema contra incêndio automatizado. Endereço icônico na Avenida Brigadeiro Faria Lima.","triple_a, piso_elevado, sala_servidor, ar_precisao, faria_lima, seis_vagas, seguranca_armada",corporativo,true,https://images.unsplash.com/photo-1497215728101-856f4ea42174?w=800
235,Escritório Panorâmico em Pinheiros,escritorio,comercial,aluguel,Pinheiros,zona_oeste,São Paulo,SP,9800.00,0,0,3,3,110.0,1850.00,6200.00,"Conjunto executivo com vista panorâmica da cidade e excelente planta em vão livre. Conta com ar condicionado VRF de baixo consumo, piso elevado com acabamento vinílico e cabeamento estruturado. Condomínio com auditório modulável para 80 pessoas, bicicletário com vestiário e cafeteria gourmet. Localizado no coração pulsante de Pinheiros próximo ao metrô Faria Lima.","vista_panoramica, vao_livre, ar_vrf, auditorio_modular, bicicletario, metro_faria_lima",corporativo,true,https://images.unsplash.com/photo-1497215728101-856f4ea42174?w=800
236,Escritório Espaçoso em Complexo Corporativo no Morumbi,escritorio,comercial,aluguel,Morumbi,zona_sul,São Paulo,SP,12800.00,0,0,4,4,160.0,2300.00,7900.00,"Escritório corporativo moderno dentro de um dos mais prestigiados complexos empresariais de São Paulo. Apresenta salão principal para 30 posições de trabalho, duas salas de reuniões e sala de videoconferência com isolamento acústico. Empreendimento com praça corporativa, heliponto, praça de alimentação e doca de carga e descarga. Fácil conexão com a Marginal Pinheiros e principais vias expressas.","30_posicoes, videoconferencia, praca_corporativa, heliponto, doca_carga, isolamento_acustico",corporativo,true,https://images.unsplash.com/photo-1497215728101-856f4ea42174?w=800
237,Escritório Executivo em Moema Próximo ao Aeroporto,escritorio,comercial,aluguel,Moema,zona_sul,São Paulo,SP,8200.00,0,0,3,2,95.0,1550.00,5100.00,"Espaço corporativo com layout otimizado incluindo recepção privativa e ampla sala de conferências. Totalmente climatizado com ar central, piso porcelanato de grandes dimensões e forro acústico. Condomínio com segurança 24h, estacionamento com vallet para visitantes e gerador de emergência. A cinco minutos do Aeroporto de Congonhas, perfeito para empresas com equipes em trânsito.","sala_conferencias, ar_central, gerador_emergencia, estacionamento_vallet, proximo_congonhas",corporativo,true,https://images.unsplash.com/photo-1497215728101-856f4ea42174?w=800
238,Conjunto Corporativo em Torre de Negócios no Tatuapé,escritorio,comercial,aluguel,Tatuapé,zona_leste,São Paulo,SP,7200.00,0,0,3,3,120.0,1400.00,4300.00,"Andar intermediário com layout flexível e excelente luminosidade natural em todas as faces. Dispõe de piso elevado, cabeamento de fibra ótica de alta velocidade e copa de apoio para refeições. O edifício conta com portaria 24 horas blindada, sala de convenções equipada e estacionamento rotativo com manobrista. Ponto estratégico com acesso rápido à Radial Leste e Marginal Tietê.","piso_elevado, fibra_otica, sala_convencoes, portaria_blindada, radial_leste, tres_vagas",corporativo,true,https://images.unsplash.com/photo-1497215728101-856f4ea42174?w=800
239,Escritório Comercial em Santana com Infraestrutura Completa,escritorio,comercial,aluguel,Santana,zona_norte,São Paulo,SP,4800.00,0,0,2,2,85.0,1100.00,2900.00,"Conjunto amplo perfeito para escritórios de engenharia, contabilidade ou agências digitais. Conta com divisórias acústicas em drywall, duas salas individuais, área de convivência e dois lavabos. Edifício comercial consolidado com portaria presencial, controle de catracas e vagas demarcadas. Próximo ao comércio diversificado de Santana e transporte coletivo farto.","divisoria_acustica, area_convivencia, vagas_demarcadas, portaria_presencial, santana",pequena_empresa,true,https://images.unsplash.com/photo-1497215728101-856f4ea42174?w=800
240,Escritório Central na Consolação Próximo a Tribunais,escritorio,comercial,aluguel,Consolação,centro,São Paulo,SP,9200.00,0,0,3,3,130.0,1750.00,5800.00,"Excelente espaço corporativo especialmente adequado para bancas de advocacia ou consultorias estratégicas. Possui biblioteca, sala de reunião para dez pessoas, salão operacional e copa planejada. Prédio tradicional com segurança 24 horas, portaria reformada e fácil acesso a garagens conveniadas. A poucos minutos do Fórum João Mendes e da Avenida Paulista.","advocacia, sala_reuniao_10p, biblioteca, seguranca_24h, proximo_tribunais, consolação",corporativo,true,https://images.unsplash.com/photo-1497215728101-856f4ea42174?w=800
241,Espaço Corporativo na Bela Vista em Prédio Moderno,escritorio,comercial,aluguel,Bela Vista,centro,São Paulo,SP,7600.00,0,0,3,2,105.0,1450.00,4600.00,"Escritório totalmente reformado com forro mineral rebaixado, luminárias em led e ar condicionado dutado. Configuração em espaço aberto promovendo integração entre equipes e sala reservada para reuniões confidenciais. Edifício corporativo com recepção ampla, controle digital de acesso e gerador para áreas estratégicas. Localizado com acesso imediato à Avenida 23 de Maio e centro histórico.","espaco_aberto, ar_dutado, forro_mineral, sala_confidencial, gerador, avenida_23_maio",corporativo,true,https://images.unsplash.com/photo-1497215728101-856f4ea42174?w=800
242,Sede Corporativa de Grande Porte na Vila Olímpia,escritorio,comercial,aluguel,Vila Olímpia,zona_sul,São Paulo,SP,24000.00,0,0,6,8,240.0,3800.00,18000.00,"Sensacional laje corporativa completa para sedes de multinacionais, bancos de investimento ou fundtechs. Totalmente cabeada com fibra óptica redundante, gerador privativo 100% para todo o andar e ar VRF central. Condomínio Triple A de altíssimo padrão com auditório para 200 pessoas, heliponto homologado e segurança máxima armada. Localização inigualável com visão 360 graus do skyline corporativo de São Paulo.","sede_corporativa, gerador_100, laje_completa, ar_vrf, heliponto_homologado, oito_vagas, triple_a",corporativo,true,https://images.unsplash.com/photo-1497215728101-856f4ea42174?w=800
243,Loja de Rua Charmosa em Pinheiros,loja,comercial,aluguel,Pinheiros,zona_oeste,São Paulo,SP,8500.00,0,0,2,2,80.0,0.00,4200.00,"Loja comercial de rua com vitrine ampla em vidro temperado e excelente fluxo de pedestres e veículos. Salão em vão livre com piso em cimento queimado, teto com pé-direito alto e dois banheiros privativos no fundo. Sem cobrança de condomínio, permitindo flexibilidade total de operação comercial e adequação de fachada. Localizada em rua badalada de Pinheiros repleta de cafeterias, galerias e boutiques.","sem_condominio, vitrine_ampla, cimento_queimado, pe_direito_alto, fluxo_pedestres, pinheiros",varejo_comercio,true,https://images.unsplash.com/photo-1497215728101-856f4ea42174?w=800
244,Ponto Comercial com Estacionamento em Moema,loja,comercial,aluguel,Moema,zona_sul,São Paulo,SP,14000.00,0,0,2,3,120.0,0.00,6800.00,"Ponto comercial espetacular no miolo de Moema com recuo frontal para três veículos de clientes. Possui salão principal amplo com piso porcelanato de grande formato, copa estruturada e depósito para estoque. Imóvel de rua independente e sem condomínio, com testada generosa garantindo excelente exposição de marca. Região com público de alto poder aquisitivo e vizinhança comercial consolidada.","sem_condominio, recuo_frontal, tres_vagas_clientes, vitrine_generosa, estoque, moema",varejo_comercio,true,https://images.unsplash.com/photo-1497215728101-856f4ea42174?w=800
245,Loja Comercial Nobre no Itaim Bibi,loja,comercial,aluguel,Itaim Bibi,zona_sul,São Paulo,SP,26000.00,0,0,3,4,180.0,0.00,12500.00,"Imóvel comercial de alto padrão com fachada imponente e projeto de iluminação externa moderna. Composto por salão térreo espaçoso, mezanino funcional para escritório ou showroom e três lavabos finamente acabados. Sem condomínio, com quatro vagas frontais e preparação completa para instalação de ar condicionado central. Situada no coração do Itaim Bibi em corredor de altíssima visibilidade e grifes consagradas.","imovel_rua, sem_condominio, mezanino, quatro_vagas, showroom, itaim_bibi, alto_padrao",varejo_comercio,false,https://images.unsplash.com/photo-1497215728101-856f4ea42174?w=800
246,Loja Compacta em Rua Movimentada na Bela Vista,loja,comercial,aluguel,Bela Vista,centro,São Paulo,SP,3500.00,0,0,1,0,40.0,0.00,1800.00,"Loja de rua compacta ideal para conveniência, estética, pet shop express ou comércio de proximidade. Salão em piso cerâmico com porta de aço de enrolar automatizada e banheiro privativo. Isenta de taxa de condomínio com excelente custo operacional mensal. Próxima a universidades, teatros e hospitais com fluxo ininterrupto de transeuntes.","sem_condominio, porta_automatizada, comercio_proximidade, baixo_custo, bela_vista",varejo_comercio,true,https://images.unsplash.com/photo-1497215728101-856f4ea42174?w=800
247,Loja de Esquina com Ampla Visibilidade na Consolação,loja,comercial,aluguel,Consolação,centro,São Paulo,SP,9500.00,0,0,2,1,95.0,0.00,4900.00,"Excepcional ponto comercial de esquina com ampla extensão de vitrines e iluminação natural em todos os ângulos. Possui salão aberto com pé-direito duplo, mezanino para apoio administrativo e dois banheiros. Sem custo de condomínio, possibilitando comunicação visual de grande impacto em duas vias movimentadas. Conexão direta com transporte coletivo e proximidade a polos educacionais e culturais.","ponto_de_esquina, sem_condominio, pe_direito_duplo, mezanino, visibilidade_maxima, consolacao",varejo_comercio,true,https://images.unsplash.com/photo-1497215728101-856f4ea42174?w=800
248,Ampla Loja Comercial para Varejo em Santana,loja,comercial,aluguel,Santana,zona_norte,São Paulo,SP,11000.00,0,0,3,4,150.0,0.00,5500.00,"Loja espaçosa em rua de fortíssimo comércio com testada frontal de 10 metros e recuo para carros. Salão livre sem colunas no meio, depósito amplo nos fundos e três banheiros incluindo adaptação para acessibilidade. Sem cobrança de taxa condominial e com facilidade para carga e descarga de mercadorias. Localizada no principal eixo varejista da Zona Norte próximo a agências bancárias e magazines.","sem_condominio, testada_10m, sem_colunas, carga_descarga, acessibilidade, polo_varejista_santana",varejo_comercio,true,https://images.unsplash.com/photo-1497215728101-856f4ea42174?w=800
249,Mega Loja Comercial no Centro do Tatuapé,loja,comercial,aluguel,Tatuapé,zona_leste,São Paulo,SP,17500.00,0,0,4,5,220.0,0.00,8400.00,"Mega loja comercial de rua estruturada para grandes franquias, clínicas populares ou concessionárias. Espaço amplo com salão térreo integrado, mezanino administrativo, área de copa para funcionários e cinco vagas frontais. Isenta de taxas de condomínio com possibilidade de instalação de fachada publicitária de grande porte. Em ponto nobre e de tráfego intenso a poucos metros da Praça Silvio Romero.","sem_condominio, mega_loja, cinco_vagas, mezanino_administrativo, franquias, silvio_romero_tatuape",varejo_comercio,true,https://images.unsplash.com/photo-1497215728101-856f4ea42174?w=800
250,Flagship Comercial Premium na Vila Olímpia,loja,comercial,aluguel,Vila Olímpia,zona_sul,São Paulo,SP,42000.00,0,0,6,8,350.0,0.00,17800.00,"Espetacular loja conceito corporativa e comercial ideal para flagships, concessionárias de luxo ou restaurantes renomados. Arquitetura arrojada com fachada monumental envidraçada, pé-direito duplo e oito vagas exclusivas com manobrista. Imóvel independente sem taxa condominial, equipado com infraestrutura para gerador, ar central e exaustão industrial. Situada na via de maior tráfego nobre da Vila Olímpia cercada por gigantes corporativas.","flagship, sem_condominio, pe_direito_duplo, fachada_monumental, oito_vagas, exaustao_industrial, vila_olimpia",varejo_comercio,true,https://images.unsplash.com/photo-1497215728101-856f4ea42174?w=800
251,Andar Corporativo de Alto Padrão na Vila Olímpia,andar_corporativo,comercial,venda,Vila Olímpia,zona_sul,São Paulo,SP,12500000.00,0,0,8,16,520,14500.00,48000.00,"Espetacular laje corporativa em edifício Triple A com certificação LEED Gold na Vila Olímpia. Apresenta piso elevado com revestimento vinílico acústico e infraestrutura para ar condicionado central VRF. O condomínio dispõe de gerador de emergência full time, heliponto homologado e controle de acesso biométrico de última geração. Localização privilegiada próxima a centros empresariais e estações de trem.","andar_corporativo, laje_corporativa, vila_olimpia, leed_gold, piso_elevado, ar_vrf, gerador_full, heliponto, controle_acesso",corporativo,true,https://images.unsplash.com/photo-1486406146926-c627a92ad1ab?w=800
252,Laje Corporativa Imponente no Coração do Itaim Bibi,andar_corporativo,comercial,venda,Itaim Bibi,zona_sul,São Paulo,SP,24000000.00,0,0,12,24,850,22000.00,75000.00,"Excelente andar corporativo com vista panorâmica para a Faria Lima e acabamento de altíssimo nível. Possui vão livre personalizável com piso elevado e cabeamento estruturado de fibra ótica. Prédio com certificação green building, portaria blindada, elevadores inteligentes com antecipação de chamada e segurança 24 horas. Perfeito para sede de grandes empresas ou fundos de investimento.","andar_corporativo, itaim_bibi, laje_corporativa, van_livre, faria_lima, elevador_inteligente, green_building, seguranca_24h",corporativo,true,https://images.unsplash.com/photo-1486406146926-c627a92ad1ab?w=800
253,Andar Comercial com Vão Livre no Brooklin Paulista,andar_corporativo,comercial,venda,Brooklin,zona_sul,São Paulo,SP,9800000.00,0,0,6,12,410,9800.00,36000.00,"Moderno andar corporativo pronto para ocupação com infraestrutura completa de dados e telefonia no Brooklin. Dispõe de forro termoacústico modular, ar condicionado central dutado e baterias de banheiros masculino, feminino e PNE. Edifício com fachada de vidro espelhado com eficiência energética e gerador para áreas privativas. Excelente acesso às avenidas Santo Amaro, Jornalista Roberto Marinho e Engenheiro Luís Carlos Berrini.","andar_corporativo, brooklin, berrini, forro_acustico, ar_central, gerador_privativo, acessibilidade_pne",corporativo,true,https://images.unsplash.com/photo-1486406146926-c627a92ad1ab?w=800
254,Laje Comercial Estruturada na Barra Funda,andar_corporativo,comercial,venda,Barra Funda,zona_oeste,São Paulo,SP,6200000.00,0,0,6,10,360,7200.00,24000.00,"Andar corporativo espaçoso e funcional localizado em polo empresarial dinâmico na Barra Funda. O imóvel conta com layout flexível, piso elevado metálico e sistema de combate a incêndio com sprinklers. Torre moderna com auditório corporativo, sala de videoconferência compartilhada e estacionamento rotativo para clientes. Próximo ao terminal intermodal Barra Funda e ao Memorial da América Latina.","andar_corporativo, barra_funda, piso_elevado, sprinklers, auditorio, mobilidade, investimento",investidor_renda,true,https://images.unsplash.com/photo-1486406146926-c627a92ad1ab?w=800
255,Andar Corporativo Reformado em Santo Amaro,andar_corporativo,comercial,venda,Santo Amaro,zona_sul,São Paulo,SP,5100000.00,0,0,5,8,320,6100.00,19500.00,"Conjunto comercial corporativo ocupando andar inteiro em edifício moderno de Santo Amaro. Conta com copa equipada, cabeamento cat6e e sistema de climatização individualizado por zonas. O condomínio oferece recepção imponente com catracas eletrônicas, cafeteria no lobby e segurança patrimonial integral. Fácil conexão com a Marginal Pinheiros e corredor de ônibus.","andar_corporativo, santo_amaro, climatizacao_zonas, cabeamento_cat6, recepção_imponente, copa",corporativo,true,https://images.unsplash.com/photo-1486406146926-c627a92ad1ab?w=800
256,Megacomplexo de Laje Corporativa Triple A na Vila Olímpia,andar_corporativo,comercial,venda,Vila Olímpia,zona_sul,São Paulo,SP,35000000.00,0,0,16,36,1350,36000.00,135000.00,"Espaço corporativo singular de 1350m² em um dos edifícios mais icônicos da Vila Olímpia. Engenharia de ponta com piso elevado em ardósia, ar condicionado central Chiller e automação predial integrada. Empreendimento sustentável com selo LEED Platinum, heliponto ativo e doca dedicada para carga de equipamentos. Indicado para sede multinacional ou consolidação de operações de grande escala.","andar_corporativo, laje_corporativa, vila_olimpia, leed_platinum, chiller, automacao_predial, heliponto",corporativo,true,https://images.unsplash.com/photo-1486406146926-c627a92ad1ab?w=800
257,Andar Corporativo Premium com Vista Panorâmica no Itaim Bibi,andar_corporativo,comercial,venda,Itaim Bibi,zona_sul,São Paulo,SP,18500000.00,0,0,10,20,680,17500.00,59000.00,"Elegante andar corporativo totalmente mobiliado e decorado em torre corporativa de prestígio no Itaim Bibi. Possui salas de reunião acústicas, estações de trabalho ergonômicas e área de descompressão com cafeteria. Prédio com 6 elevadores de alta velocidade, segurança perimetral com CFTV e gerador com autonomia total. Ideal para empresas de tecnologia, consultorias e family offices.","andar_corporativo, itaim_bibi, mobiliado, salas_reuniao, gerador_full, elevadores_rapidos, cftv_24h",investidor_renda,true,https://images.unsplash.com/photo-1486406146926-c627a92ad1ab?w=800
258,Laje Corporativa com Ampla Iluminação no Butantã,andar_corporativo,comercial,venda,Butantã,zona_oeste,São Paulo,SP,4700000.00,0,0,4,8,280,5200.00,16800.00,"Andar comercial com excelente iluminação natural e fachada envidraçada próxima à Rodovia Raposo Tavares e metrô Butantã. Dispõe de vão livre com preparação para piso elevado, banheiros privativos duplos e copa de apoio. Condomínio fechado empresarial com segurança armada, praça de convivência e vagas para visitantes. Excelente custo-benefício para empresas de serviços e inovação.","andar_corporativo, butanta, van_livre, seguranca_armada, metro_butanta, piso_elevado",corporativo,true,https://images.unsplash.com/photo-1486406146926-c627a92ad1ab?w=800
259,Andar Corporativo Amplo com Terraço na Lapa,andar_corporativo,comercial,venda,Lapa,zona_oeste,São Paulo,SP,7100000.00,0,0,7,14,450,8100.00,27500.00,"Laje corporativa diferenciada com terraço técnico privativo e vista aberta na região central da Lapa. Apresenta instalações elétricas renovadas, ar condicionado central e piso com canaletas reforçadas. Prédio com portaria 24 horas, controle de acesso por reconhecimento facial e estacionamento com manobrista. Ponto estratégico com fácil escoamento para as marginais Tietê e Pinheiros.","andar_corporativo, lapa, terraco, ar_central, reconhecimento_facial, marginais",corporativo,true,https://images.unsplash.com/photo-1486406146926-c627a92ad1ab?w=800
260,Locação de Laje Corporativa Pronta para Uso na Vila Olímpia,andar_corporativo,comercial,aluguel,Vila Olímpia,zona_sul,São Paulo,SP,78000.00,0,0,8,18,580,15200.00,52000.00,"Andar corporativo pronto para ocupação imediata em edifício corporativo de alto padrão na Vila Olímpia. O imóvel conta com piso elevado vinílico, luminárias LED embutidas e ar condicionado central com filtragem de ar antibacteriana. Estrutura de edifício com gerador 100%, recepção bilíngue e heliponto credenciado pela ANAC. Próximo a restaurantes de renome e shopping centers conceituados.","andar_corporativo, vila_olimpia, locacao, laje_corporativa, leed_gold, gerador_full, ar_central",corporativo,true,https://images.unsplash.com/photo-1486406146926-c627a92ad1ab?w=800
261,Andar Corporativo Triple A na Região Faria Lima no Itaim Bibi,andar_corporativo,comercial,aluguel,Itaim Bibi,zona_sul,São Paulo,SP,135000.00,0,0,12,26,920,25000.00,88000.00,"Excepcional andar corporativo de 920m² de área privativa contínua em prestigiado edifício Triple A no Itaim Bibi. Apresenta vão livre versátil sem colunas intermediárias, sistema VRF de climatização e piso elevado de aço. Infraestrutura predial de excelência com certificação LEED, elevadores de alta performance e gerador de atendimento total. Localização ímpar no principal eixo financeiro do país.","andar_corporativo, itaim_bibi, faria_lima, leed_gold, ar_vrf, gerador_total, van_livre",corporativo,true,https://images.unsplash.com/photo-1486406146926-c627a92ad1ab?w=800
262,Andar Comercial para Aluguel na Berrini no Brooklin,andar_corporativo,comercial,aluguel,Brooklin,zona_sul,São Paulo,SP,48000.00,0,0,6,12,390,9100.00,31000.00,"Andar comercial com layout moderno e acabamento corporativo refinado na região da Berrini no Brooklin. Dispõe de cabeamento estruturado, copa reservada e banheiros individuais e coletivos reformados. Condomínio moderno com praça interna, bicicletário com vestiário completo e gerador para áreas críticas. Excelente oportunidade para empresas que buscam endereço de prestígio com ótima mobilidade urbana.","andar_corporativo, brooklin, berrini, vestiario, bicicletario, cabeamento, gerador",corporativo,true,https://images.unsplash.com/photo-1486406146926-c627a92ad1ab?w=800
263,Laje Corporativa Próxima ao Metrô na Barra Funda,andar_corporativo,comercial,aluguel,Barra Funda,zona_oeste,São Paulo,SP,36000.00,0,0,6,10,340,6800.00,22000.00,"Andar corporativo pronto para ocupação com forro modular e ar condicionado individual split dutado na Barra Funda. O layout conta com divisórias acústicas em vidro duplo, sala de CPD climatizada e copa funcional. O empreendimento conta com doca de carga e descarga, portaria com controle de catracas e vigilância 24 horas. Localizado a curta caminhada da estação intermodal da CPTM e metrô.","andar_corporativo, barra_funda, divisoria_vidro, cpd, metrô, portaria_24h",corporativo,true,https://images.unsplash.com/photo-1486406146926-c627a92ad1ab?w=800
264,Andar Corporativo com Custo-Benefício Atraente em Santo Amaro,andar_corporativo,comercial,aluguel,Santo Amaro,zona_sul,São Paulo,SP,29000.00,0,0,5,8,290,5600.00,18000.00,"Laje comercial com excelente distribuição interna e piso elevado com fiação completa em Santo Amaro. Possui baterias sanitárias renovadas, sala de reunião principal envidraçada e copa integrada. O edifício oferece estacionamento com manobrista para visitantes, recepção elegante e gerador para áreas essenciais. Região com farta oferta de transporte público e serviços comerciais.","andar_corporativo, santo_amaro, custo_beneficio, piso_elevado, recepcao, manobrista",corporativo,true,https://images.unsplash.com/photo-1486406146926-c627a92ad1ab?w=800
265,Andar Corporativo de Grande Porte Triple A na Vila Olímpia,andar_corporativo,comercial,aluguel,Vila Olímpia,zona_sul,São Paulo,SP,210000.00,0,0,18,38,1380,37500.00,138000.00,"Majestosa laje corporativa de quase 1400m² contínuos em edifício corporativo de padrão mundial na Vila Olímpia. Projetada para alto desempenho com sistema de climatização VRF inteligente, piso elevado e gerador total para cargas críticas. Conta com heliponto homologado, segurança patrimonial ostensiva e 8 elevadores inteligentes com chamada antecipada. Espaço singular para sedes globais de instituições financeiras ou corporações de ponta.","andar_corporativo, laje_corporativa, vila_olimpia, heliponto, triple_a, vr_inteligente, leed_gold",corporativo,false,https://images.unsplash.com/photo-1486406146926-c627a92ad1ab?w=800
266,Andar Corporativo Sofisticado no Itaim Bibi,andar_corporativo,comercial,aluguel,Itaim Bibi,zona_sul,São Paulo,SP,85000.00,0,0,8,16,600,16000.00,56000.00,"Andar comercial de alto padrão com projeto de arquitetura contemporânea no Itaim Bibi. Conta com acabamentos de primeira linha, carpete corporativo em placas modulares e luminárias de alta eficiência. O condomínio oferece segurança armada 24 horas, portaria imponente e salas de conferência no mezanino. Excelente posicionamento estratégico próximo a hotéis cinco estrelas e polos de negócios.","andar_corporativo, itaim_bibi, sofisticado, carpete_modular, seguranca_armada, salas_conferencia",corporativo,true,https://images.unsplash.com/photo-1486406146926-c627a92ad1ab?w=800
267,Laje Corporativa Ampla na Região da Chucri Zaidan no Brooklin,andar_corporativo,comercial,aluguel,Brooklin,zona_sul,São Paulo,SP,105000.00,0,0,10,22,780,19800.00,72000.00,"Amplo andar corporativo em edifício moderno com certificação de sustentabilidade no Brooklin. Dispõe de piso elevado ardósia, ar condicionado central Chiller com regulagem setorizada e baterias completas de banheiros. O empreendimento oferece docas para logística interna, gerador de energia full time e praça de alimentação privativa. Próximo ao Shopping Morumbi e à estação Morumbi da CPTM e Linha Ouro.","andar_corporativo, brooklin, chucri_zaidan, chiller, gerador_full, docas, shopping_morumbi",corporativo,true,https://images.unsplash.com/photo-1486406146926-c627a92ad1ab?w=800
268,Andar Comercial Corporativo em Edifício Moderno na Barra Funda,andar_corporativo,comercial,aluguel,Barra Funda,zona_oeste,São Paulo,SP,52000.00,0,0,7,12,460,8800.00,29000.00,"Laje corporativa bem estruturada com piso elevado em aço e forro acústico mineral na Barra Funda. O espaço apresenta layout funcional com salas de gerência, estações abertas e cabeamento de telecomunicações de ponta. O prédio oferece estacionamento coberto com manobrista, bicicletário, vestiário e segurança perimetral 24h. Acesso rápido e descomplicado à Marginal Tietê e ao centro da cidade.","andar_corporativo, barra_funda, forro_acustico, piso_elevado_aco, vestiario, seguranca_24h",corporativo,true,https://images.unsplash.com/photo-1486406146926-c627a92ad1ab?w=800
269,Laje Corporativa Pronta para Escritório na Lapa,andar_corporativo,comercial,aluguel,Lapa,zona_oeste,São Paulo,SP,31000.00,0,0,5,8,300,5800.00,19000.00,"Andar corporativo totalmente adaptado para escritórios administrativos na região da Lapa. Apresenta piso elevado, sistema de ar condicionado do tipo multi-split inverter e iluminação inteligente. Edifício corporativo seguro com recepção com controle de crachás, gerador para áreas comuns e circuito fechado de televisão. Localização conveniente próxima a bancos, correios e restaurantes corporativos.","andar_corporativo, lapa, split_inverter, iluminacao_led, piso_elevado, cftv",corporativo,true,https://images.unsplash.com/photo-1486406146926-c627a92ad1ab?w=800
270,Conjunto Corporativo Andar Inteiro no Butantã,andar_corporativo,comercial,aluguel,Butantã,zona_oeste,São Paulo,SP,27000.00,0,0,4,7,260,4900.00,16000.00,"Andar comercial com vista desafogada e excelente ventilação natural no Butantã. Conta com ampla área livre sem divisórias para personalização, copa independente e banheiros masculino e feminino. Condomínio com portaria com biometria facial, gerador para elevadores e garagens demarcadas. Próximo à USP, estação São Paulo-Morumbi e principais corredores viários da zona oeste.","andar_corporativo, butanta, van_livre, biometria_facial, metrô, iluminacao_natural",corporativo,true,https://images.unsplash.com/photo-1486406146926-c627a92ad1ab?w=800
271,Andar Corporativo com Infraestrutura de TI em Santo Amaro,andar_corporativo,comercial,aluguel,Santo Amaro,zona_sul,São Paulo,SP,42000.00,0,0,6,11,380,7400.00,24500.00,"Excelente laje corporativa preparada para empresas de tecnologia e centros de serviços em Santo Amaro. Possui sala de servidor com refrigeração redundante dedicada, piso elevado e no-break predial. O edifício conta com portaria 24 horas, sala de eventos compartilhada e amplo estacionamento para colaboradores. Fácil acesso às avenidas João Dias, Adolfo Pinheiro e Washington Luís.","andar_corporativo, santo_amaro, ti_infra, no_break, sala_servidor, piso_elevado",corporativo,true,https://images.unsplash.com/photo-1486406146926-c627a92ad1ab?w=800
272,Laje Corporativa Moderna e Funcional na Mooca,andar_corporativo,comercial,aluguel,Mooca,zona_leste,São Paulo,SP,25000.00,0,0,4,6,250,4700.00,15500.00,"Andar corporativo compacto e moderno em edifício recém-construído na tradicional Mooca. Apresenta forro com acabamento em gesso, piso elevado modular e preparação completa para ar condicionado VRF. Condomínio empresarial com recepção imponente, controle de acesso e estacionamento com vagas rotativas. Excelente conectividade com a Radial Leste e Avenida Salim Farah Maluf.","andar_corporativo, mooca, zona_leste, recem_construido, piso_elevado, radial_leste",investidor_renda,true,https://images.unsplash.com/photo-1486406146926-c627a92ad1ab?w=800
273,Prédio Comercial Monousuário de Altíssimo Padrão na Vila Olímpia,predio_comercial,comercial,venda,Vila Olímpia,zona_sul,São Paulo,SP,48000000.00,0,0,18,38,3200,0.00,135000.00,"Excepcional edifício comercial monousuário construído sob os mais rígidos padrões de engenharia na Vila Olímpia. Distribuído em 6 pavimentos corporativos com vão livre, elevadores panorâmicos e sistema de automação predial completo. Dispõe de gerador de energia full, heliponto no terraço e subsolo com garagens privativas e segurança patrimonial armada. Ideal para sede de grandes conglomerados corporativos ou multinacionais de ponta.","predio_comercial, monousuario, vila_olimpia, heliponto, elevador_panoramico, gerador_full, van_livre",corporativo,true,https://images.unsplash.com/photo-1486406146926-c627a92ad1ab?w=800
274,Edifício Comercial Imponente e Estruturado no Itaim Bibi,predio_comercial,comercial,venda,Itaim Bibi,zona_sul,São Paulo,SP,36000000.00,0,0,16,28,2400,0.00,110000.00,"Prédio comercial independente com localização estratégica invejável no coração do Itaim Bibi. Composto por térreo com recepção com pé direito duplo, 5 andares com piso elevado e cobertura técnica. Possui climatização central VRF de alta eficiência, 2 elevadores modernos e subsolo de garagem privativa. Excelente oportunidade para investidores de renda corporativa ou ocupação monousuário exclusiva.","predio_comercial, itaim_bibi, monousuario, ar_vrf, pe_direito_duplo, piso_elevado, investimento",investidor_renda,true,https://images.unsplash.com/photo-1486406146926-c627a92ad1ab?w=800
275,Prédio Comercial Moderno na Região do Brooklin,predio_comercial,comercial,venda,Brooklin,zona_sul,São Paulo,SP,19500000.00,0,0,12,20,1300,0.00,58000.00,"Edifício comercial independente com arquitetura contemporânea e excelente visibilidade no Brooklin. Apresenta 4 pavimentos amplos com plantas livres, baterias completas de sanitários PNE e copa em cada andar. Conta com gerador de emergência, sistema de combate a incêndio com hidrantes e estacionamento privativo no subsolo. Próximo a grandes eixos viários, shoppings e estação da CPTM.","predio_comercial, brooklin, monousuario, acessibilidade_pne, gerador_emergencia, visibilidade",corporativo,true,https://images.unsplash.com/photo-1486406146926-c627a92ad1ab?w=800
276,Prédio Comercial Monousuário para Sede na Barra Funda,predio_comercial,comercial,venda,Barra Funda,zona_oeste,São Paulo,SP,12000000.00,0,0,10,15,950,0.00,39000.00,"Excelente imóvel comercial corporativo composto por 3 andares com vão livre na Barra Funda. O prédio oferece estrutura para piso elevado, ar condicionado central dutado e cabeamento estruturado com sala de TI. Conta com portão automatizado, guarita de segurança blindada e pátio para estacionamento de frota corporativa. Localização privilegiada com fácil acesso ao corredor Marquês de São Vicente e Marginal Tietê.","predio_comercial, barra_funda, guarita_blindada, sala_ti, van_livre, frota",corporativo,true,https://images.unsplash.com/photo-1486406146926-c627a92ad1ab?w=800
277,Prédio Comercial com Loja Térrea e Pavimentos na Lapa,predio_comercial,comercial,venda,Lapa,zona_oeste,São Paulo,SP,7800000.00,0,0,8,12,650,0.00,26000.00,"Prédio monousuário versátil com loja térrea com pé direito duplo e dois pavimentos superiores corporativos na Lapa. Dispõe de elevador de passageiros, infraestrutura completa de segurança patrimonial e baterias de sanitários. Imóvel ideal para clínicas, agências bancárias, centros educacionais ou sede própria de empresas de médio porte. Grande fluxo de pedestres e automóveis, com farta rede de transporte nas imediações.","predio_comercial, lapa, pe_direito_duplo, elevador, clinica, educacional, fluxo_comercial",investidor_renda,true,https://images.unsplash.com/photo-1486406146926-c627a92ad1ab?w=800
278,Prédio Comercial Compacto e Eficiente em Santo Amaro,predio_comercial,comercial,venda,Santo Amaro,zona_sul,São Paulo,SP,6200000.00,0,0,6,9,520,0.00,21000.00,"Edifício comercial independente de 3 pavimentos com acabamento moderno e alta funcionalidade em Santo Amaro. Possui salas modulares com ar condicionado split, copa de apoio e banheiros reformados. Fachada contemporânea em pele de vidro, sistema de CFTV instalado e estacionamento frontal para clientes. Excelente opção para escritórios de advocacia, engenharia e empresas de consultoria.","predio_comercial, santo_amaro, pele_de_vidro, cftv, split, escritorios",corporativo,true,https://images.unsplash.com/photo-1486406146926-c627a92ad1ab?w=800
279,Locação de Prédio Comercial Monousuário na Vila Olímpia,predio_comercial,comercial,aluguel,Vila Olímpia,zona_sul,São Paulo,SP,240000.00,0,0,18,35,3000,0.00,128000.00,"Prédio corporativo de altíssimo padrão disponível para locação monousuário no polo de inovação da Vila Olímpia. Composto por 5 pavimentos corridos com vão livre, piso elevado com placas metálicas e sistema de ar condicionado central VRF. O edifício oferece 2 elevadores de última geração, gerador total com autonomia prolongada e segurança armada perimetral. Perfeito para sedes corporativas de empresas multinacionais e gigantes de tecnologia.","predio_comercial, monousuario, vila_olimpia, locacao, ar_vrf, piso_elevado, gerador_total",corporativo,true,https://images.unsplash.com/photo-1486406146926-c627a92ad1ab?w=800
280,Edifício Corporativo Monousuário para Locação no Itaim Bibi,predio_comercial,comercial,aluguel,Itaim Bibi,zona_sul,São Paulo,SP,190000.00,0,0,14,26,2100,0.00,96000.00,"Prédio monousuário completo com 4 andares corporativos e subsolo técnico no prestigiado bairro do Itaim Bibi. Fachada moderna em vidros refletivos com isolamento termoacústico e recepção imponente com controle eletrônico. Dispõe de sala de servidores com ar redundante, gerador com capacidade integral e baterias de sanitários acessíveis. Ponto nobre próximo às avenidas Faria Lima e Cidade Jardim.","predio_comercial, itaim_bibi, monousuario, faria_lima, isolamento_acustico, gerador_full",corporativo,true,https://images.unsplash.com/photo-1486406146926-c627a92ad1ab?w=800
281,Prédio Comercial Monousuário na Região da Berrini no Brooklin,predio_comercial,comercial,aluguel,Brooklin,zona_sul,São Paulo,SP,120000.00,0,0,12,18,1500,0.00,64000.00,"Edifício comercial independente de 4 pavimentos projetado para sedes de médio e grande porte no Brooklin. Os andares contam com piso elevado em ardósia, ar condicionado central e forro modular acústico. Estrutura completa com elevador, gerador de energia e subsolo com garagens privativas e bicicletário. Localização privilegiada com fácil saída para a Marginal Pinheiros e corredor de ônibus Berrini.","predio_comercial, brooklin, berrini, monousuario, elevador, gerador, piso_elevado",corporativo,true,https://images.unsplash.com/photo-1486406146926-c627a92ad1ab?w=800
282,Prédio Comercial Independente com Estacionamento na Barra Funda,predio_comercial,comercial,aluguel,Barra Funda,zona_oeste,São Paulo,SP,85000.00,0,0,10,16,1100,0.00,46000.00,"Imóvel monousuário corporativo com excelente distribuição interna de 1100m² privativos na Barra Funda. O prédio oferece pavimentos com vão livre, cabeamento de dados cat6a e ar condicionado do tipo VRF. Conta com guarita blindada, controle de acesso eletrônico e amplo pátio de estacionamento para clientes e diretoria. Próximo ao Fórum Trabalhista e à estação intermodal Barra Funda.","predio_comercial, barra_funda, monousuario, guarita_blindada, cftv_24h, ar_vrf, patio_estacionamento",corporativo,true,https://images.unsplash.com/photo-1486406146926-c627a92ad1ab?w=800
283,Prédio Comercial para Locação com Amplo Pátio no Butantã,predio_comercial,comercial,aluguel,Butantã,zona_oeste,São Paulo,SP,65000.00,0,0,8,14,850,0.00,35000.00,"Edifício monousuário moderno ideal para empresas de tecnologia, pesquisa e laboratórios no Butantã. Dispõe de 3 pavimentos com iluminação natural abundante, instalações elétricas trifásicas e elevador de carga e passageiros. Possui área externa pavimentada para manobra e vagas, guarita de segurança e copa refeitório montada. Fácil acesso às rodovias Raposo Tavares e Régis Bittencourt e ao Rodoanel.","predio_comercial, butanta, trifasico, elevador_carga, patio_manobra, tecnologia_pesquisa",corporativo,true,https://images.unsplash.com/photo-1486406146926-c627a92ad1ab?w=800
284,Prédio Monousuário Pronto para Clínica ou Escritório na Lapa,predio_comercial,comercial,aluguel,Lapa,zona_oeste,São Paulo,SP,45000.00,0,0,7,10,600,0.00,24000.00,"Prédio comercial independente com 600m² de área construída em excelente estado de conservação na Lapa. Composto por térreo e dois pavimentos com salas divididas em drywall removível e banheiros adaptados para PNE. Estrutura pronta com ar condicionado split em todas as salas, recepção elegante e estacionamento interno. Próximo à estação Lapa e com grande facilidade de transporte para colaboradores.","predio_comercial, lapa, acessibilidade_pne, drywall, split, clinica, escritorio",corporativo,true,https://images.unsplash.com/photo-1486406146926-c627a92ad1ab?w=800
285,Edifício Comercial Monousuário para Aluguel na Mooca,predio_comercial,comercial,aluguel,Mooca,zona_leste,São Paulo,SP,38000.00,0,0,6,8,500,0.00,19500.00,"Excelente imóvel comercial de 3 pavimentos com acabamento de bom gosto e grande visibilidade na Mooca. Possui áreas de escritório com iluminação em LED, forro rebaixado e cabeamento de rede estruturado. Dispõe de portão eletrônico, sistema de alarme com CFTV e vagas frontais para veículos. Excelente oportunidade comercial em via de grande movimento com acesso rápido ao centro.","predio_comercial, mooca, zona_leste, monousuario, alarme, cftv, visibilidade_comercial",investidor_renda,true,https://images.unsplash.com/photo-1486406146926-c627a92ad1ab?w=800
286,Prédio Comercial com Estrutura Completa no Belém,predio_comercial,comercial,aluguel,Belém,zona_leste,São Paulo,SP,34000.00,0,0,5,7,470,0.00,17500.00,"Prédio comercial independente com 470m² distribuídos em loja no térreo e dois pavimentos de escritórios no Belém. Conta com acabamentos de piso cerâmico de alto tráfego, ar condicionado split e banheiros em todos os pisos. O imóvel possui entrada para carga e descarga leve, alarme monitorado e vagas de garagem privativas. A poucos metros da estação Belém do Metrô e com fácil escoamento para a Radial Leste.","predio_comercial, belem, zona_leste, metro_belem, loja_terrea, escritorios, carga_leve",corporativo,true,https://images.unsplash.com/photo-1486406146926-c627a92ad1ab?w=800
287,Galpão Industrial e Logístico com Docas na Barra Funda,galpao,comercial,venda,Barra Funda,zona_oeste,São Paulo,SP,19800000.00,0,0,14,32,3800,0.00,120000.00,"Espetacular galpão logístico e industrial monousuário de 3800m² de área construída em ponto estratégico da Barra Funda. Apresenta pé direito livre de 12 metros, piso industrial nivelado a laser com capacidade de carga de 6 ton/m² e 6 docas elevadas com niveladores hidráulicos. O complexo inclui prédio administrativo de 2 andares com refeitório, vestiários e guarita blindada com CFTV. Excelente escoamento para a Marginal Tietê e as principais rodovias do estado.","galpao, logistica, pe_direito_12m, docas_niveladoras, piso_laser_6ton, barra_funda, guarita_blindada",logistica_industrial,true,https://images.unsplash.com/photo-1486406146926-c627a92ad1ab?w=800
288,Galpão Logístico Urbano Próximo à Marginal na Lapa,galpao,comercial,venda,Lapa,zona_oeste,São Paulo,SP,14200000.00,0,0,10,24,2700,0.00,85000.00,"Galpão corporativo e logístico com excelente infraestrutura operacional e comercial na Lapa. O imóvel conta com pé direito livre de 10 metros, piso industrial de alta resistência e 4 docas para carretas de grande porte. Conta com escritório climatizado com salas de reunião, banheiros com vestiários completos e pátio de manobra pavimentado. Localizado em zona industrial consolidada com fácil acesso ao CEAGESP e Rodoanel.","galpao, lapa, docas, pe_direito_alto, ceagesp, patio_manobra, vestiarios",logistica_industrial,true,https://images.unsplash.com/photo-1486406146926-c627a92ad1ab?w=800
289,Galpão Comercial e Armazém Estruturado na Mooca,galpao,comercial,venda,Mooca,zona_leste,São Paulo,SP,9500000.00,0,0,8,16,1800,0.00,56000.00,"Excelente armazém e galpão comercial com 1800m² de área total construída na tradicional região da Mooca. Possui vão livre com pé direito de 9 metros, entrada ao nível do piso para caminhões e mezanino administrativo com ar condicionado. Estrutura com subestação própria de energia elétrica, refeitório para funcionários e sistema de proteção contra incêndio completo. Fácil interligação com a Avenida do Estado e Marginal Tietê.","galpao, mooca, zona_leste, subestacao, van_livre, pe_direito_9m, refeitoiro",investidor_renda,true,https://images.unsplash.com/photo-1486406146926-c627a92ad1ab?w=800
290,Galpão Comercial com Mezanino e Escritório no Butantã,galpao,comercial,venda,Butantã,zona_oeste,São Paulo,SP,6800000.00,0,0,6,12,1250,0.00,41000.00,"Galpão multiúso em excelente localização próximo à Rodovia Raposo Tavares no Butantã. Dispõe de pé direito de 8 metros, piso usinado com resistência mecânica e portão automatizado de grande porte para carretas. Área de apoio composta por escritórios mobiliados, vestiários masculinos e femininos e estacionamento frontal. Excelente imóvel para distribuidoras, empresas de eventos e logística last-mile.","galpao, butanta, last_mile, piso_usinado, mezanino, raposo_tavares, portao_automatico",logistica_industrial,false,https://images.unsplash.com/photo-1486406146926-c627a92ad1ab?w=800
291,Galpão Urbano Compacto e Funcional no Belém,galpao,comercial,venda,Belém,zona_leste,São Paulo,SP,3600000.00,0,0,4,8,650,0.00,22000.00,"Galpão urbano com 650m² de área coberta ideal para pequenas indústrias, depósitos ou oficinas no Belém. Conta com pé direito livre de 7 metros, piso de concreto de alta durabilidade e entrada em nível para caminhões toco e três-quartos. O imóvel possui mezanino para escritório com banheiro privativo, vestiário e copa para operários. Ótima localização com rápido acesso à Radial Leste e Marginal Tietê.","galpao, belem, zona_leste, deposito, pe_direito_7m, radial_leste, mezanino",logistica_industrial,true,https://images.unsplash.com/photo-1486406146926-c627a92ad1ab?w=800
292,Galpão Logístico em Condomínio Fechado na Barra Funda,galpao,comercial,aluguel,Barra Funda,zona_oeste,São Paulo,SP,82000.00,0,0,16,36,4200,18500.00,130000.00,"Moderno galpão logístico inserido em condomínio empresarial fechado de alta segurança na Barra Funda. Apresenta pé direito livre de 12 metros, piso com nivelamento a laser para 6 ton/m² e 8 docas com niveladores eletro-hidráulicos. O condomínio oferece segurança armada 24 horas, portaria com eclusa blindada, restaurante central e ampla área de manobra para carretas. Ponto estratégico para operações de e-commerce e centros de distribuição metropolitanos.","galpao, condominio_fechado, docas_hidraulicas, pe_direito_12m, barra_funda, ecommerce, portaria_blindada",logistica_industrial,true,https://images.unsplash.com/photo-1486406146926-c627a92ad1ab?w=800
293,Locação de Galpão Monousuário com Docas na Lapa,galpao,comercial,aluguel,Lapa,zona_oeste,São Paulo,SP,62000.00,0,0,12,26,3100,0.00,95000.00,"Galpão logístico monousuário de 3100m² com estrutura robusta e excelente acesso na Lapa. Possui vão livre com pé direito de 11 metros, piso industrial reforçado de alta tonelagem e 5 docas com cobertura para carga e descarga. Conta com bloco administrativo com salas climatizadas, refeitório, vestiários e portaria com controle de acesso. Conexão direta com as marginais Tietê e Pinheiros e principais rodovias.","galpao, lapa, monousuario, docas_cobertas, pe_direito_11m, alta_tonelagem, marginais",logistica_industrial,true,https://images.unsplash.com/photo-1486406146926-c627a92ad1ab?w=800
294,Galpão Comercial e Logístico em Santo Amaro,galpao,comercial,aluguel,Santo Amaro,zona_sul,São Paulo,SP,55000.00,0,0,10,20,2500,0.00,78000.00,"Excelente complexo de galpão monousuário com área fabril e escritórios corporativos em Santo Amaro. Possui pé direito livre de 9 metros, piso industrial polido e portões automatizados para acesso de caminhões pesados. Área administrativa ampla com divisórias acústicas, recepção, sala de TI e vestiários para funcionários. Próximo à Marginal Pinheiros e às avenidas Guido Caloi e Nações Unidas.","galpao, santo_amaro, zona_sul, piso_polido, escritorios, marginal_pinheiros, caminhoes",logistica_industrial,true,https://images.unsplash.com/photo-1486406146926-c627a92ad1ab?w=800
295,Galpão Operacional com Ponte Rolante na Mooca,galpao,comercial,aluguel,Mooca,zona_leste,São Paulo,SP,42000.00,0,0,8,16,1900,0.00,59000.00,"Galpão industrial e comercial pronto para operações pesadas e armazenamento na Mooca. Conta com vão livre com pé direito de 10 metros, ponte rolante com capacidade para 10 toneladas e cabine primária de energia. Prédio de apoio com escritórios em dois pavimentos, refeitório com cozinha industrial e pátio para carga e descarga. Localização tradicional com facilidade para tráfego de caminhões e acesso à Radial Leste.","galpao, mooca, zona_leste, ponte_rolante, cabine_primaria, pe_direito_10m, carga_descarga",logistica_industrial,true,https://images.unsplash.com/photo-1486406146926-c627a92ad1ab?w=800
296,Galpão com Pátio para Logística Urbana no Butantã,galpao,comercial,aluguel,Butantã,zona_oeste,São Paulo,SP,35000.00,0,0,6,14,1500,0.00,45000.00,"Galpão monousuário bem localizado com pátio pavimentado de manobra no Butantã. Dispõe de pé direito livre de 8,5 metros, piso de alta capacidade de carga e 2 docas com niveladores manuais. Área interna com mezanino administrativo envidraçado, vestiários masculinos e femininos e refeitório. Ideal para centros de triagem de entregas rápidas, armazenagem de peças e logística farmacêutica.","galpao, butanta, last_mile, patio_pavimentado, docas, mezanino_vidro, logistica_farmaceutica",logistica_industrial,true,https://images.unsplash.com/photo-1486406146926-c627a92ad1ab?w=800
297,Galpão Comercial com Amplo Vão Livre no Belém,galpao,comercial,aluguel,Belém,zona_leste,São Paulo,SP,26000.00,0,0,5,10,1100,0.00,33000.00,"Galpão monousuário de 1100m² em excelente estado estrutural na região do Belém. Oferece pé direito de 8 metros, piso de concreto de alta resistência e acesso facilitado para carretas e caminhões trucados. Inclui escritório com salas privativas, banheiros coletivos, vestiário e guarita na entrada. Próximo ao corredor Celso Garcia e à Marginal Tietê com ótima mobilidade logística.","galpao, belem, zona_leste, van_livre, caminhoes_trucados, pe_direito_8m, marginal_tiete",logistica_industrial,true,https://images.unsplash.com/photo-1486406146926-c627a92ad1ab?w=800
298,Galpão Funcional para Pequenas Distribuidoras na Mooca,galpao,comercial,aluguel,Mooca,zona_leste,São Paulo,SP,18000.00,0,0,5,8,780,0.00,24000.00,"Galpão comercial versátil e bem estruturado para empresas de distribuição ou armazenagem na Mooca. Conta com vão livre com pé direito de 7 metros, portão de acesso alto para carretas e piso usinado polido. Possui mezanino com recepção e duas salas de diretoria com ar condicionado, além de vestiário completo. Localização privilegiada com fácil saída para a Avenida do Estado e Radial Leste.","galpao, mooca, zona_leste, distribuidora, portao_alto, piso_usinado, mezanino",logistica_industrial,true,https://images.unsplash.com/photo-1486406146926-c627a92ad1ab?w=800
299,Galpão Urbano para Depósito ou Oficina na Lapa,galpao,comercial,aluguel,Lapa,zona_oeste,São Paulo,SP,14500.00,0,0,4,6,560,0.00,17500.00,"Imóvel industrial e comercial compacto com 560m² de área construída na Lapa de Baixo. Apresenta pé direito de 7 metros, piso de concreto reforçado e iluminação zenital com grande economia de energia elétrica. Mezanino com escritório administrativo, copa e vestiários individuais e coletivos. Excelente facilidade de acesso à Ponte da Lapa e vias expressas da capital.","galpao, lapa, iluminacao_zenital, deposito, pe_direito_7m, oficina, ponte_da_lapa",logistica_industrial,true,https://images.unsplash.com/photo-1486406146926-c627a92ad1ab?w=800
300,Galpão Comercial Modular em Santo Amaro,galpao,comercial,aluguel,Santo Amaro,zona_sul,São Paulo,SP,12500.00,0,0,4,6,500,0.00,15500.00,"Galpão comercial modular com 500m² úteis em via de grande fluxo e boa acessibilidade em Santo Amaro. O imóvel oferece pé direito livre de 7,5 metros, piso de alta capacidade de carga e portão basculante elétrico. Dispõe de sala de apoio no mezanino com ar condicionado split, copa e baterias de sanitários. Localização estratégica com saída fácil para a Marginal Pinheiros e Avenida Washington Luís.","galpao, santo_amaro, zona_sul, modular, portao_basculante, pe_direito_7m, marginal_pinheiros",investidor_renda,true,https://images.unsplash.com/photo-1486406146926-c627a92ad1ab?w=800
